2022-04-01,ARAY,BUY,0.021148036253776387
2022-04-04,ARAY,BUY,-0.005952380952380958
2022-04-05,ARAY,BUY,-0.01506024096385537
2022-04-06,ARAY,BUY,-0.021406727828746128
2022-04-07,ARAY,BUY,0.009404388714733621
2022-04-08,ARAY,BUY,-0.012422360248447215
2022-04-11,ARAY,BUY,0.01269841269841271
2022-04-12,ARAY,BUY,-0.04320987654320991
2022-04-13,ARAY,BUY,0.10645161290322583
2022-04-14,ARAY,BUY,-0.05217391304347831
2022-04-18,ARAY,BUY,-0.009287925696594366
2022-04-19,ARAY,SELL,-0.09687499999999988
2022-04-20,ARAY,BUY,-0.011267605633802828
2022-04-21,ARAY,BUY,-0.008450704225352058
2022-04-22,ARAY,BUY,-0.0571428571428572
2022-04-25,ARAY,BUY,0.024539877300613522
2022-04-26,ARAY,BUY,-0.04255319148936174
2022-04-27,ARAY,BUY,-0.041269841269841234
2022-04-28,ARAY,BUY,-0.14501510574018125
2022-04-29,ARAY,BUY,-0.043165467625899165
2022-05-02,ARAY,BUY,0.003759398496240521
2022-05-03,ARAY,BUY,-0.007490636704119857
2022-05-04,ARAY,BUY,-0.03396226415094335
2022-05-05,ARAY,BUY,-0.07307692307692305
2022-05-06,ARAY,BUY,-0.05737704918032792
2022-05-09,ARAY,BUY,-0.0873362445414848
2022-05-10,ARAY,BUY,0.0
2022-05-11,ARAY,BUY,-0.06140350877192969
2022-05-12,ARAY,BUY,0.08018867924528299
2022-05-13,ARAY,BUY,-0.017021276595744695
2022-05-16,ARAY,BUY,-0.025862068965517265
2022-05-17,ARAY,BUY,0.004366812227074143
2022-05-18,ARAY,BUY,-0.05579399141630897
2022-05-19,ARAY,BUY,-0.017777777777777795
2022-05-20,ARAY,BUY,-0.02690582959641258
2022-05-23,ARAY,BUY,-0.0044843049327353305
2022-05-24,ARAY,BUY,-0.027272727272727296
2022-05-25,ARAY,BUY,-0.047169811320754755
2022-05-26,ARAY,BUY,0.02970297029702973
2022-05-27,ARAY,BUY,0.01408450704225364
2022-05-31,ARAY,BUY,-0.023474178403755788
2022-06-01,ARAY,BUY,0.0
2022-06-02,ARAY,BUY,0.07881773399014787
2022-06-03,ARAY,BUY,-0.013888888888889003
2022-06-06,ARAY,BUY,-0.0422535211267605
2022-06-07,ARAY,BUY,0.08910891089108919
2022-06-08,ARAY,BUY,0.018181818181818195
2022-06-09,ARAY,BUY,0.03636363636363619
2022-06-10,ARAY,BUY,-0.0542986425339367
2022-06-13,ARAY,BUY,-0.024271844660194303
2022-06-14,ARAY,BUY,-0.029556650246305338
2022-06-15,ARAY,BUY,-0.0406091370558376
2022-06-16,ARAY,BUY,-0.06382978723404249
2022-06-17,ARAY,BUY,0.011299435028248598
2022-06-21,ARAY,BUY,0.005464480874316944
2022-06-22,ARAY,BUY,0.0666666666666666
2022-06-23,ARAY,BUY,0.03883495145631071
2022-06-24,ARAY,BUY,-0.046296296296296335
2022-06-27,ARAY,BUY,0.0
2022-06-28,ARAY,BUY,-0.04306220095693773
2022-06-29,ARAY,BUY,0.010000000000000009
2022-06-30,ARAY,BUY,-0.020000000000000018
2022-04-01,CPS,BUY,-0.07502799552071668
2022-04-04,CPS,BUY,0.019002375296912132
2022-04-05,CPS,BUY,-0.060889929742388715
2022-04-06,CPS,BUY,0.010269576379974336
2022-04-07,CPS,BUY,-0.05350318471337579
2022-04-08,CPS,BUY,-0.033602150537634407
2022-04-11,CPS,BUY,0.022503516174402143
2022-04-12,CPS,BUY,-0.001364256480218252
2022-04-13,CPS,BUY,-0.006729475100942103
2022-04-14,CPS,BUY,-0.05503355704697988
2022-04-18,CPS,BUY,-0.03561253561253561
2022-04-19,CPS,BUY,0.03834808259587017
2022-04-20,CPS,BUY,-0.03375527426160341
2022-04-21,CPS,BUY,-0.05782792665726377
2022-04-22,CPS,BUY,-0.05000000000000002
2022-04-25,CPS,BUY,0.06719999999999998
2022-04-26,CPS,BUY,-0.061654135338345885
2022-04-27,CPS,BUY,-0.05331179321486269
2022-04-28,CPS,BUY,-0.0033500837520937313
2022-04-29,CPS,BUY,-0.2106164383561643
2022-05-02,CPS,BUY,0.21145374449339205
2022-05-03,CPS,BUY,0.031365313653136516
2022-05-04,CPS,BUY,0.04651162790697671
2022-05-05,CPS,BUY,0.0017574692442881873
2022-05-06,CPS,BUY,0.13019891500904154
2022-05-09,CPS,BUY,-0.03795379537953788
2022-05-10,CPS,BUY,-0.08180300500834728
2022-05-11,CPS,BUY,0.0036630036630037476
2022-05-12,CPS,BUY,0.022304832713754667
2022-05-13,CPS,BUY,0.0
2022-05-16,CPS,BUY,-0.09636363636363642
2022-05-17,CPS,BUY,0.02729044834307986
2022-05-18,CPS,BUY,-0.07058823529411754
2022-05-19,CPS,BUY,0.025695931477516084
2022-05-20,CPS,BUY,-0.02028397565922914
2022-05-23,CPS,BUY,0.0041407867494823135
2022-05-24,CPS,BUY,-0.02092050209205032
2022-05-25,CPS,BUY,0.07327586206896568
2022-05-26,CPS,BUY,0.05999999999999996
2022-05-27,CPS,BUY,0.05018587360594804
2022-05-31,CPS,BUY,0.003571428571428654
2022-06-01,CPS,BUY,0.010526315789473615
2022-06-02,CPS,BUY,0.05923344947735189
2022-06-03,CPS,BUY,-0.01669449081803014
2022-06-06,CPS,BUY,0.04553119730185506
2022-06-07,CPS,BUY,0.05016181229773471
2022-06-08,CPS,BUY,-0.05837173579109062
2022-06-09,CPS,BUY,-0.055374592833876204
2022-06-10,CPS,BUY,-0.08611599297012305
2022-06-13,CPS,BUY,-0.037623762376237525
2022-06-14,CPS,BUY,0.030612244897959072
2022-06-15,CPS,BUY,-0.2089552238805971
2022-06-16,CPS,BUY,0.12256267409470764
2022-06-17,CPS,BUY,0.10199004975124383
2022-06-21,CPS,BUY,-0.09361702127659582
2022-06-22,CPS,BUY,0.05250596658711211
2022-06-23,CPS,BUY,0.07256235827664405
2022-06-24,CPS,BUY,0.08595387840670864
2022-06-27,CPS,BUY,0.07350096711798837
2022-06-28,CPS,BUY,0.01818181818181812
2022-06-29,CPS,BUY,-0.03565062388591803
2022-06-30,CPS,BUY,-0.047709923664122134
2022-04-01,PRTA,BUY,0.06372549019607852
2022-04-04,PRTA,SELL,-0.021983640081799576
2022-04-05,PRTA,BUY,-0.042150429076223996
2022-04-06,PRTA,BUY,0.034575180916644306
2022-04-07,PRTA,SELL,0.014379084967320188
2022-04-08,PRTA,BUY,-0.028700504916290337
2022-04-11,PRTA,SELL,0.04492512479201344
2022-04-12,PRTA,SELL,-0.001980198019801988
2022-04-13,PRTA,BUY,0.05337078651685389
2022-04-14,PRTA,BUY,-0.026393751683275086
2022-04-18,PRTA,BUY,-0.06928787462194105
2022-04-19,PRTA,SELL,-0.023732786404922213
2022-04-20,PRTA,SELL,-0.01908288236969529
2022-04-21,PRTA,BUY,-0.03434903047091418
2022-04-22,PRTA,BUY,-0.03975799481417466
2022-04-25,PRTA,BUY,0.0015060240963854564
2022-04-26,PRTA,BUY,-0.133939393939394
2022-04-27,PRTA,SELL,0.050734779566130137
2022-04-28,PRTA,BUY,0.07802948579647616
2022-04-29,PRTA,BUY,-0.023115577889447278
2022-05-02,PRTA,SELL,-0.055842812823164334
2022-05-03,PRTA,BUY,-0.019756338491932875
2022-05-04,PRTA,BUY,0.056437985806015604
2022-05-05,PRTA,BUY,-0.04945954798558799
2022-05-06,PRTA,SELL,-0.09120879120879115
2022-05-09,PRTA,HOLD,0.0
2022-05-10,PRTA,BUY,-0.05001761183515328
2022-05-11,PRTA,BUY,-0.06636670416197986
2022-05-12,PRTA,BUY,0.0040799673602610305
2022-05-13,PRTA,BUY,0.03380503144654086
2022-05-16,PRTA,BUY,-0.0007683442182097415
2022-05-17,PRTA,BUY,0.03174603174603172
2022-05-18,PRTA,BUY,-0.03831705484598045
2022-05-19,PRTA,BUY,0.021442495126705683
2022-05-20,PRTA,BUY,0.006691449814126384
2022-05-23,PRTA,BUY,-0.03328456474030725
2022-05-24,PRTA,BUY,-0.004602991944764135
2022-05-25,PRTA,BUY,0.00782778864970643
2022-05-26,PRTA,BUY,0.029810298102981154
2022-05-27,PRTA,BUY,0.054620276842499094
2022-05-31,PRTA,SELL,0.030960854092526725
2022-06-01,PRTA,BUY,-0.03211678832116785
2022-06-02,PRTA,BUY,0.021016431027894425
2022-06-03,PRTA,BUY,0.03617181612660139
2022-06-06,PRTA,BUY,-0.06894100923951675
2022-06-07,PRTA,BUY,0.09891808346213302
2022-06-08,PRTA,BUY,0.0049982149232415925
2022-06-09,PRTA,SELL,0.042333689078619625
2022-06-10,PRTA,BUY,-0.06750094804702317
2022-06-13,PRTA,BUY,-0.029876227059325623
2022-06-14,PRTA,BUY,0.0021853146853147163
2022-06-15,PRTA,BUY,0.007659574468085095
2022-06-16,PRTA,BUY,0.003511852502194833
2022-06-17,PRTA,BUY,0.039181541140618295
2022-06-21,PRTA,BUY,0.03855519480519477
2022-06-22,PRTA,BUY,0.030182684670373376
2022-06-23,PRTA,BUY,0.04476479514415781
2022-06-24,PRTA,BUY,-0.0025143678160919644
2022-06-27,PRTA,BUY,-0.011103151862464264
2022-06-28,PRTA,BUY,-0.03739661992089174
2022-06-29,PRTA,BUY,0.01055408970976244
2022-06-30,PRTA,BUY,0.031534954407294764
2022-04-01,EARN,SELL,0.022155085599194248
2022-04-04,EARN,BUY,-0.0010319917440660255
2022-04-05,EARN,BUY,-0.023735810113518954
2022-04-06,EARN,SELL,-0.0021164021164022592
2022-04-07,EARN,BUY,-0.008447729672650481
2022-04-08,EARN,SELL,0.0031813361611876313
2022-04-11,EARN,BUY,-0.01067235859124863
2022-04-12,EARN,BUY,0.003243243243243174
2022-04-13,EARN,BUY,-0.006389776357827529
2022-04-14,EARN,BUY,-0.0010660980810236207
2022-04-18,EARN,BUY,-0.0021097046413501657
2022-04-19,EARN,BUY,-0.07903055848261327
2022-04-20,EARN,BUY,0.020524515393386514
2022-04-21,EARN,BUY,-0.00772626931567332
2022-04-22,EARN,BUY,-0.008869179600886927
2022-04-25,EARN,BUY,0.006644518272425305
2022-04-26,EARN,BUY,-0.021881838074398363
2022-04-27,EARN,BUY,0.0
2022-04-28,EARN,BUY,0.005617977528089768
2022-04-29,EARN,BUY,-0.013483146067415842
2022-05-02,EARN,BUY,-0.041002277904327956
2022-05-03,EARN,BUY,0.02962085308056872
2022-05-04,EARN,BUY,0.025229357798165004
2022-05-05,EARN,BUY,-0.030371203599550207
2022-05-06,EARN,BUY,-0.010465116279069752
2022-05-09,EARN,BUY,-0.055294117647058896
2022-05-10,EARN,BUY,-0.022140221402214093
2022-05-11,EARN,BUY,0.0025062656641603475
2022-05-12,EARN,BUY,-0.011363636363636347
2022-05-13,EARN,BUY,0.0354879594423321
2022-05-16,EARN,BUY,-0.017262638717632513
2022-05-17,EARN,BUY,-0.006203473945409517
2022-05-18,EARN,BUY,-0.0037453183520598453
2022-05-19,EARN,BUY,-0.017721518987341842
2022-05-20,EARN,BUY,-0.02295918367346935
2022-05-23,EARN,BUY,0.0025608194622279722
2022-05-24,EARN,BUY,0.0153846153846154
2022-05-25,EARN,BUY,0.002515723270440198
2022-05-26,EARN,BUY,0.008750000000000036
2022-05-27,EARN,BUY,0.01233045622688057
2022-05-31,EARN,BUY,-0.00609013398294771
2022-06-01,EARN,BUY,0.006097560975609843
2022-06-02,EARN,BUY,-0.0060606060606061465
2022-06-03,EARN,BUY,-0.008484848484848519
2022-06-06,EARN,BUY,-0.014669926650366653
2022-06-07,EARN,BUY,0.021170610211706097
2022-06-08,EARN,BUY,-0.01228501228501246
2022-06-09,EARN,BUY,0.011235955056179758
2022-06-10,EARN,BUY,-0.008695652173913078
2022-06-13,EARN,BUY,-0.09821428571428566
2022-06-14,EARN,BUY,-0.029999999999999995
2022-06-15,EARN,BUY,0.007363770250368162
2022-06-16,EARN,BUY,-0.07407407407407401
2022-06-17,EARN,BUY,0.041538461538461476
2022-06-21,EARN,BUY,0.014705882352941256
2022-06-22,EARN,BUY,0.01073729420186103
2022-06-23,EARN,BUY,0.04992867332382319
2022-06-24,EARN,BUY,0.024390243902438987
2022-06-27,EARN,BUY,0.001322751322751412
2022-06-28,EARN,BUY,0.01989389920424408
2022-06-29,EARN,BUY,-0.018518518518518476
2022-06-30,EARN,BUY,0.02469135802469132
2022-04-01,WEYS,SELL,-0.01306122448979593
2022-04-04,WEYS,SELL,0.01119604478417919
2022-04-05,WEYS,SELL,0.0
2022-04-06,WEYS,SELL,-0.03942075623491555
2022-04-07,WEYS,SELL,-0.014051522248243537
2022-04-08,WEYS,SELL,-0.03384615384615381
2022-04-11,WEYS,SELL,-0.015332834704562459
2022-04-12,WEYS,SELL,-0.05111111111111107
2022-04-13,WEYS,SELL,-0.015901060070671352
2022-04-14,WEYS,SELL,0.015789473684210503
2022-04-18,WEYS,SELL,0.038115785688601175
2022-04-19,WEYS,SELL,0.02063789868667907
2022-04-20,WEYS,SELL,-0.03574144486692007
2022-04-21,WEYS,SELL,0.04001468428781204
2022-04-22,WEYS,SELL,0.02179732313575527
2022-04-25,WEYS,SELL,0.022467481277098945
2022-04-26,WEYS,SELL,0.001212121212121258
2022-04-27,WEYS,SELL,0.0104501607717041
2022-04-28,WEYS,SELL,0.010509617291294886
2022-04-29,WEYS,SELL,0.004046944556859628
2022-05-02,WEYS,SELL,0.03210077204388457
2022-05-03,WEYS,SELL,0.009232060428031846
2022-05-04,WEYS,HOLD,0.0
2022-05-05,WEYS,SELL,-0.0033912674862230543
2022-05-06,WEYS,SELL,-0.06947368421052626
2022-05-09,WEYS,SELL,-0.08607695358984523
2022-05-10,WEYS,SELL,-0.01899196493791087
2022-05-11,WEYS,SELL,0.0035984166966533957
2022-05-12,WEYS,SELL,0.009124087591240877
2022-05-13,WEYS,SELL,-0.007681053401609394
2022-05-16,WEYS,SELL,-0.002712967986977728
2022-05-17,WEYS,SELL,0.006730428622033343
2022-05-18,WEYS,SELL,0.025530384753685628
2022-05-19,WEYS,SELL,0.041513592946362934
2022-05-20,WEYS,SELL,0.004928047478823101
2022-05-23,WEYS,SELL,0.02358311144922014
2022-05-24,WEYS,SELL,-0.01718749999999991
2022-05-25,WEYS,SELL,-0.004270186335403704
2022-05-26,WEYS,SELL,-0.05038759689922483
2022-05-27,WEYS,SELL,-0.012546125461254607
2022-05-31,WEYS,SELL,-0.030927835051546386
2022-06-01,WEYS,SELL,-0.007194244604316521
2022-06-02,WEYS,SELL,0.0028673835125447417
2022-06-03,WEYS,SELL,-0.013357400722021696
2022-06-06,WEYS,SELL,-0.026912181303116203
2022-06-07,WEYS,SELL,-0.04702970297029697
2022-06-08,WEYS,SELL,0.005363727790814502
2022-06-09,WEYS,SELL,0.0034013605442176145
2022-06-10,WEYS,SELL,-0.06276714775322334
2022-06-13,WEYS,SELL,0.027009003001000294
2022-06-14,WEYS,SELL,-0.0006777363605557293
2022-06-15,WEYS,SELL,0.009764309764309736
2022-06-16,WEYS,SELL,0.010891763104152494
2022-06-17,WEYS,SELL,-0.04636678200692041
2022-06-21,WEYS,SELL,0.006565988181221251
2022-06-22,WEYS,SELL,-0.004975124378109524
2022-06-23,WEYS,SELL,-0.048844884488448856
2022-06-24,WEYS,SELL,0.1070871058382766
2022-06-27,WEYS,SELL,0.09972299168975066
2022-06-28,WEYS,SELL,0.033716475095785535
2022-06-29,WEYS,SELL,0.029095257074531703
2022-06-30,WEYS,SELL,-0.010330578512396695
2022-04-01,WPC,SELL,-0.008868087202857481
2022-04-04,WPC,SELL,0.010383581724896096
2022-04-05,WPC,SELL,0.008171350749040443
2022-04-06,WPC,SELL,-0.025769326995246464
2022-04-07,WPC,SELL,0.002565042139978111
2022-04-08,WPC,SELL,-0.010386119257086929
2022-04-11,WPC,SELL,0.011367759100253933
2022-04-12,WPC,SELL,-0.005512679162072803
2022-04-13,WPC,SELL,-0.0006080505898090375
2022-04-14,WPC,SELL,-0.004227053140096721
2022-04-18,WPC,SELL,-0.005529510758504724
2022-04-19,WPC,SELL,-0.017064439140811537
2022-04-20,WPC,SELL,-0.005276735459662322
2022-04-21,WPC,SELL,0.006976744186046446
2022-04-22,WPC,SELL,0.00035169988276671907
2022-04-25,WPC,SELL,0.007036472381845835
2022-04-26,WPC,SELL,0.010855457227138663
2022-04-27,WPC,SELL,-0.00011899095668718353
2022-04-28,WPC,SELL,-0.021661509164484734
2022-04-29,WPC,SELL,0.059720605355064134
2022-05-02,WPC,SELL,0.03168927250308253
2022-05-03,WPC,SELL,-0.0001273885350319123
2022-05-04,WPC,SELL,-0.020596136625303817
2022-05-05,WPC,SELL,0.020749999999999956
2022-05-06,WPC,SELL,0.0021800461656835304
2022-05-09,WPC,SELL,0.009566903684550678
2022-05-10,WPC,SELL,0.020997037227875763
2022-05-11,WPC,SELL,-0.013930871336575138
2022-05-12,WPC,SELL,-0.02747537584240545
2022-05-13,WPC,SELL,-0.025725094577553672
2022-05-16,WPC,SELL,0.004895960832313411
2022-05-17,WPC,SELL,-0.010853658536585372
2022-05-18,WPC,SELL,0.013415518491660618
2022-05-19,WPC,SELL,-0.0008631319358817187
2022-05-20,WPC,SELL,0.004897159647404574
2022-05-23,WPC,SELL,0.0002453686664214235
2022-05-24,WPC,SELL,-0.017211703958691805
2022-05-25,WPC,SELL,-0.009103046486224056
2022-05-26,WPC,SELL,-0.0034788867562380787
2022-05-27,WPC,SELL,-0.013328573128644586
2022-05-31,WPC,SELL,0.0024896265560165236
2022-06-01,WPC,SELL,0.002613447374673474
2022-06-02,WPC,SELL,-0.003824548822755984
2022-06-03,WPC,SELL,0.005512943432406445
2022-06-06,WPC,SELL,0.015831134564643717
2022-06-07,WPC,SELL,-0.025556370750794855
2022-06-08,WPC,SELL,0.010262529832935555
2022-06-09,WPC,SELL,0.012329263870421978
2022-06-10,WPC,SELL,-0.01707406952462843
2022-06-13,WPC,SELL,0.012269938650306749
2022-06-14,WPC,SELL,-0.0029728725380898657
2022-06-15,WPC,SELL,-0.012634936211972536
2022-06-16,WPC,SELL,-0.011464497041420026
2022-06-17,WPC,SELL,-0.011092150170648421
2022-06-21,WPC,SELL,-0.0071994240460762455
2022-06-22,WPC,SELL,-0.026802884615384662
2022-06-23,WPC,SELL,0.005619292905642753
2022-06-24,WPC,SELL,-0.010008242081714285
2022-06-27,WPC,SELL,-0.0073306958343029496
2022-06-28,WPC,SELL,0.006804290162610878
2022-06-29,WPC,SELL,0.00780049639522511
2022-06-30,WPC,SELL,0.012866333095067886
2022-04-01,DD,SELL,-0.008499730167296214
2022-04-04,DD,SELL,-0.004022526146419914
2022-04-05,DD,SELL,0.018289402904787512
2022-04-06,DD,SELL,0.025683742884908985
2022-04-07,DD,SELL,0.004427306483861786
2022-04-08,DD,SELL,0.019931662870159333
2022-04-11,DD,SELL,0.00029197080291964994
2022-04-12,DD,BUY,-0.0027676620538967505
2022-04-13,DD,SELL,-0.007891275756247143
2022-04-14,DD,BUY,-0.0040591475790084245
2022-04-18,DD,SELL,-0.0026308097047645805
2022-04-19,DD,SELL,-0.01197954711468215
2022-04-20,DD,SELL,-0.010453959616210855
2022-04-21,DD,SELL,0.029868411891666034
2022-04-22,DD,SELL,0.024499855030443572
2022-04-25,DD,BUY,0.014362657091561844
2022-04-26,DD,SELL,0.019267822736030785
2022-04-27,DD,SELL,0.003762793497892836
2022-04-28,DD,BUY,0.011525220775332974
2022-04-29,DD,BUY,-0.020356612184249487
2022-05-02,DD,SELL,-0.003349573690621176
2022-05-03,DD,BUY,0.0019622641509433277
2022-05-04,DD,BUY,0.023207378756322557
2022-05-05,DD,BUY,-0.023475564742359418
2022-05-06,DD,SELL,0.00818677986658569
2022-05-09,DD,BUY,0.005470459518599585
2022-05-10,DD,BUY,-0.027641277641277703
2022-05-11,DD,BUY,0.004119138149556481
2022-05-12,DD,BUY,0.00031630555116247234
2022-05-13,DD,BUY,0.0023441162681668787
2022-05-16,DD,BUY,0.01359253990832926
2022-05-17,DD,BUY,0.014822738386308052
2022-05-18,DD,BUY,-0.019972556792193966
2022-05-19,DD,BUY,0.008782936010037566
2022-05-20,DD,BUY,-0.01069104431360404
2022-05-23,DD,SELL,-0.010183613639870337
2022-05-24,DD,BUY,-0.009196811771918981
2022-05-25,DD,BUY,0.011755607115235744
2022-05-26,DD,SELL,-0.018442932728646996
2022-05-27,DD,BUY,0.01454437518551505
2022-05-31,DD,SELL,-0.002956393200295471
2022-06-01,DD,BUY,-0.01963065290097418
2022-06-02,DD,BUY,0.012058823529411664
2022-06-03,DD,BUY,-0.017760164391604195
2022-06-06,DD,BUY,0.00266854744191347
2022-06-07,DD,SELL,-0.01781970649895175
2022-06-08,DD,BUY,0.005948839976204725
2022-06-09,DD,SELL,0.014458190490386031
2022-06-10,DD,BUY,-0.01701995977100409
2022-06-13,DD,BUY,-0.015048543689320385
2022-06-14,DD,BUY,-0.007480476777640861
2022-06-15,DD,BUY,-0.014372039849746783
2022-06-16,DD,BUY,-0.021877691645133437
2022-06-17,DD,BUY,-0.005828329212292446
2022-06-21,DD,BUY,-0.010442046641141688
2022-06-22,DD,BUY,0.015068990559186608
2022-06-23,DD,BUY,-0.006462035541195467
2022-06-24,DD,BUY,0.04947123140347729
2022-06-27,DD,BUY,-0.015224084844338018
2022-06-28,DD,BUY,-0.011722116876400616
2022-06-29,DD,BUY,-0.015037593984962397
2022-06-30,DD,BUY,0.005063291139240527
2022-04-01,EXPE,SELL,-0.006397887681527323
2022-04-04,EXPE,SELL,-0.005145710209904172
2022-04-05,EXPE,SELL,0.036870321667003804
2022-04-06,EXPE,SELL,0.031490179333902676
2022-04-07,EXPE,SELL,-0.009149891864914198
2022-04-08,EXPE,SELL,0.005861210948299708
2022-04-11,EXPE,SELL,0.0011267605633802176
2022-04-12,EXPE,SELL,0.013912659415889041
2022-04-13,EXPE,SELL,-0.03497237569060781
2022-04-14,EXPE,SELL,-0.01839544898718703
2022-04-18,EXPE,SELL,0.021328137342671985
2022-04-19,EXPE,SELL,-0.00048322147651008545
2022-04-20,EXPE,SELL,0.008376013657703763
2022-04-21,EXPE,SELL,0.05126745990688062
2022-04-22,EXPE,SELL,0.006127920337035643
2022-04-25,EXPE,SELL,-0.03347720230190356
2022-04-26,EXPE,SELL,0.030405038549245273
2022-04-27,EXPE,SELL,-0.01012784326747475
2022-04-28,EXPE,SELL,-0.0041611914148051874
2022-04-29,EXPE,SELL,0.038620234362106015
2022-05-02,EXPE,SELL,0.00040027447392493814
2022-05-03,EXPE,SELL,0.10742280285035631
2022-05-04,EXPE,SELL,-0.0038257601181286875
2022-05-05,EXPE,SELL,0.05404489048620058
2022-05-06,EXPE,BUY,-0.053974835573348465
2022-05-09,EXPE,BUY,-0.010683595262057609
2022-05-10,EXPE,BUY,0.009150526155254059
2022-05-11,EXPE,BUY,0.007563152321887763
2022-05-12,EXPE,BUY,-0.0327102803738318
2022-05-13,EXPE,BUY,0.0014438787141879909
2022-05-16,EXPE,BUY,-0.04686778513159923
2022-05-17,EXPE,BUY,-0.03222502363693668
2022-05-18,EXPE,BUY,-0.022534982102180245
2022-05-19,EXPE,BUY,0.045687376074025
2022-05-20,EXPE,BUY,-0.02028780372729416
2022-05-23,EXPE,BUY,-0.03750890242937413
2022-05-24,EXPE,BUY,-0.04247990815154988
2022-05-25,EXPE,BUY,0.06105822828230859
2022-05-26,EXPE,BUY,0.05004835589941968
2022-05-27,EXPE,SELL,-0.0005347593582887179
2022-05-31,EXPE,BUY,-0.00030919069336006835
2022-06-01,EXPE,BUY,-0.027279032133775187
2022-06-02,EXPE,SELL,-0.05619834710743802
2022-06-03,EXPE,BUY,0.006574923547400498
2022-06-06,EXPE,HOLD,0.0
2022-06-07,EXPE,BUY,-0.0023581317511030143
2022-06-08,EXPE,BUY,-0.013787324801950048
2022-06-09,EXPE,BUY,-0.056535189481825336
2022-06-10,EXPE,BUY,-0.03720424713652707
2022-06-13,EXPE,BUY,-0.03496503496503491
2022-06-14,EXPE,BUY,-0.04488380809595195
2022-06-15,EXPE,BUY,0.015365165807643667
2022-06-16,EXPE,BUY,-0.0347695390781563
2022-06-17,EXPE,BUY,0.02512511490144018
2022-06-21,EXPE,BUY,-0.024491408255974758
2022-06-22,EXPE,BUY,-0.0011311053984575778
2022-06-23,EXPE,BUY,-0.028719008264462824
2022-06-24,EXPE,BUY,0.07714977370803071
2022-06-27,EXPE,BUY,-0.01690305032057504
2022-06-28,EXPE,BUY,-0.05530888030888021
2022-06-29,EXPE,BUY,-0.020412329046744233
2022-06-30,EXPE,BUY,0.0019017432646591928
2022-04-01,TPC,BUY,-0.011049723756906006
2022-04-04,TPC,BUY,-0.03041474654377881
2022-04-05,TPC,BUY,-0.04030710172744721
2022-04-06,TPC,BUY,-0.010152284263959355
2022-04-07,TPC,BUY,-0.014648437500000035
2022-04-08,TPC,BUY,-0.001986097318768577
2022-04-11,TPC,BUY,0.0009891196834816802
2022-04-12,TPC,BUY,-0.001958863858961934
2022-04-13,TPC,BUY,0.0019704433497536524
2022-04-14,TPC,BUY,0.00880626223091975
2022-04-18,TPC,BUY,-0.022308438409311387
2022-04-19,TPC,BUY,0.003968253968253884
2022-04-20,TPC,BUY,-0.009803921568627416
2022-04-21,TPC,BUY,-0.03609756097560968
2022-04-22,TPC,BUY,-0.0275510204081634
2022-04-25,TPC,BUY,0.007494646680942215
2022-04-26,TPC,BUY,-0.0235798499464095
2022-04-27,TPC,BUY,0.004366812227074143
2022-04-28,TPC,BUY,0.011917659804983686
2022-04-29,TPC,BUY,-0.007494646680942215
2022-05-02,TPC,BUY,0.00214592274678107
2022-05-03,TPC,BUY,-0.006376195536663177
2022-05-04,TPC,BUY,0.014830508474576332
2022-05-05,TPC,BUY,0.05811403508771943
2022-05-06,TPC,BUY,0.009316770186335388
2022-05-09,TPC,BUY,-0.025720164609053495
2022-05-10,TPC,BUY,-0.02051282051282044
2022-05-11,TPC,BUY,-0.01673640167364018
2022-05-12,TPC,BUY,0.0
2022-05-13,TPC,BUY,0.001052631578947346
2022-05-16,TPC,BUY,0.02328042328042335
2022-05-17,TPC,BUY,0.015306122448979446
2022-05-18,TPC,BUY,0.002944062806673321
2022-05-19,TPC,BUY,-0.007928642220019828
2022-05-20,TPC,BUY,-0.03638151425762037
2022-05-23,TPC,BUY,-0.015228426395939123
2022-05-24,TPC,BUY,0.0072090628218330075
2022-05-25,TPC,BUY,0.01740020470829068
2022-05-26,TPC,BUY,0.011066398390342175
2022-05-27,TPC,BUY,0.029469548133595355
2022-05-31,TPC,BUY,-0.03795066413662226
2022-06-01,TPC,BUY,0.012922465208747416
2022-06-02,TPC,BUY,0.001947419668938615
2022-06-03,TPC,BUY,-0.006815968841285325
2022-06-06,TPC,BUY,-0.008754863813229558
2022-06-07,TPC,BUY,0.01588877855014897
2022-06-08,TPC,BUY,-0.02352941176470573
2022-06-09,TPC,BUY,-0.0010162601626016044
2022-06-10,TPC,BUY,-0.015560165975103771
2022-06-13,TPC,BUY,-0.013129102844639058
2022-06-14,TPC,BUY,0.0022148394241418993
2022-06-15,TPC,BUY,0.01095290251916754
2022-06-16,TPC,BUY,-0.06249999999999984
2022-06-17,TPC,BUY,-0.01614763552479822
2022-06-21,TPC,BUY,0.022962112514351235
2022-06-22,TPC,BUY,0.01942857142857142
2022-06-23,TPC,BUY,-0.022246941045606348
2022-06-24,TPC,BUY,0.012429378531073584
2022-06-27,TPC,BUY,0.007717750826901905
2022-06-28,TPC,BUY,-0.03463203463203466
2022-06-29,TPC,BUY,-0.011273957158962757
2022-06-30,TPC,BUY,0.020930232558139503
2022-04-01,OPK,BUY,0.02034883720930228
2022-04-04,OPK,BUY,0.02849002849002852
2022-04-05,OPK,BUY,-0.02240896358543407
2022-04-06,OPK,BUY,0.008695652173912986
2022-04-07,OPK,BUY,0.0029069767441861137
2022-04-08,OPK,BUY,-0.011627906976744196
2022-04-11,OPK,BUY,-0.020895522388059785
2022-04-12,OPK,BUY,0.04242424242424246
2022-04-13,OPK,BUY,0.023323615160349743
2022-04-14,OPK,BUY,-0.045714285714285756
2022-04-18,OPK,BUY,-0.05373134328358214
2022-04-19,OPK,BUY,0.0031249999999999334
2022-04-20,OPK,BUY,-0.021406727828746128
2022-04-21,OPK,BUY,-0.061919504643962904
2022-04-22,OPK,SELL,0.03618421052631575
2022-04-25,OPK,BUY,0.010169491525423662
2022-04-26,OPK,BUY,-0.05743243243243241
2022-04-27,OPK,BUY,-0.01423487544483987
2022-04-28,OPK,BUY,-0.007042253521126767
2022-04-29,OPK,BUY,-0.01818181818181812
2022-05-02,OPK,BUY,0.0370370370370369
2022-05-03,OPK,BUY,0.03214285714285725
2022-05-04,OPK,BUY,0.048951048951048994
2022-05-05,OPK,BUY,-0.05841924398625427
2022-05-06,OPK,BUY,-0.03676470588235297
2022-05-09,OPK,BUY,-0.043137254901960735
2022-05-10,OPK,BUY,0.1490196078431374
2022-05-11,OPK,BUY,-0.06920415224913501
2022-05-12,OPK,BUY,0.05660377358490563
2022-05-13,OPK,BUY,0.06315789473684201
2022-05-16,OPK,BUY,-0.013289036544850363
2022-05-17,OPK,BUY,0.013071895424836612
2022-05-18,OPK,BUY,-0.052980132450331174
2022-05-19,OPK,BUY,0.045454545454545574
2022-05-20,OPK,BUY,0.0032467532467531776
2022-05-23,OPK,BUY,-0.009584664536741151
2022-05-24,OPK,BUY,-0.003289473684210602
2022-05-25,OPK,SELL,-0.0033222591362127014
2022-05-26,OPK,SELL,-0.030303030303030252
2022-05-27,OPK,BUY,0.038961038961038995
2022-05-31,OPK,BUY,-0.047619047619047596
2022-06-01,OPK,BUY,-0.019672131147540857
2022-06-02,OPK,BUY,0.033444816053511586
2022-06-03,OPK,BUY,-0.019933554817275618
2022-06-06,OPK,BUY,-0.07692307692307707
2022-06-07,OPK,BUY,0.0363636363636364
2022-06-08,OPK,SELL,-0.0070921985815602905
2022-06-09,OPK,BUY,-0.03521126760563368
2022-06-10,OPK,BUY,-0.05185185185185189
2022-06-13,OPK,BUY,-0.060240963855421825
2022-06-14,OPK,BUY,-0.008298755186721999
2022-06-15,OPK,BUY,0.03703703703703698
2022-06-16,OPK,BUY,-0.04115226337448563
2022-06-17,OPK,BUY,0.021097046413502032
2022-06-21,OPK,BUY,-0.032388663967611364
2022-06-22,OPK,BUY,0.05508474576271201
2022-06-23,OPK,BUY,0.05622489959839344
2022-06-24,OPK,BUY,0.0
2022-06-27,OPK,BUY,0.022727272727272745
2022-06-28,OPK,BUY,-0.04460966542750933
2022-06-29,OPK,BUY,0.015686274509803935
2022-06-30,OPK,BUY,0.00796812749003985
2022-04-01,WRAP,BUY,0.0075187969924812095
2022-04-04,WRAP,BUY,0.018382352941176405
2022-04-05,WRAP,BUY,0.0
2022-04-06,WRAP,BUY,-0.03214285714285709
2022-04-07,WRAP,BUY,0.06741573033707872
2022-04-08,WRAP,BUY,0.0
2022-04-11,WRAP,BUY,-0.06551724137931032
2022-04-12,WRAP,BUY,-0.05185185185185189
2022-04-13,WRAP,BUY,-0.003861003861003779
2022-04-14,WRAP,BUY,-0.019230769230769332
2022-04-18,WRAP,BUY,0.14229249011857723
2022-04-19,WRAP,BUY,-0.017064846416382343
2022-04-20,WRAP,BUY,0.05442176870748304
2022-04-21,WRAP,BUY,0.08805031446540874
2022-04-22,WRAP,BUY,-0.10526315789473681
2022-04-25,WRAP,BUY,-0.06312292358803985
2022-04-26,WRAP,BUY,-0.04878048780487809
2022-04-27,WRAP,BUY,-0.07829181494661928
2022-04-28,WRAP,BUY,-0.003846153846153935
2022-04-29,WRAP,BUY,0.0076045627376425924
2022-05-02,WRAP,BUY,-0.015209125475285185
2022-05-03,WRAP,BUY,-0.003846153846153935
2022-05-04,WRAP,BUY,-0.00015035333032625017
2022-05-05,WRAP,BUY,-0.031007751937984523
2022-05-06,WRAP,BUY,-0.02352941176470573
2022-05-09,WRAP,BUY,-0.012396694214875952
2022-05-10,WRAP,BUY,-0.10504201680672269
2022-05-11,WRAP,BUY,-0.0654205607476636
2022-05-12,WRAP,BUY,-0.04950495049504955
2022-05-13,WRAP,BUY,0.14213197969543148
2022-05-16,WRAP,BUY,-0.03375527426160341
2022-05-17,WRAP,BUY,-0.02164502164502176
2022-05-18,WRAP,BUY,0.00444444444444435
2022-05-19,WRAP,BUY,-0.013513513513513624
2022-05-20,WRAP,BUY,-0.0542986425339367
2022-05-23,WRAP,BUY,0.06132075471698108
2022-05-24,WRAP,BUY,-0.027522935779816536
2022-05-25,WRAP,BUY,0.14218009478673
2022-05-26,WRAP,BUY,-0.059322033898304954
2022-05-27,WRAP,BUY,-0.05909090909090924
2022-05-31,WRAP,BUY,-0.07246376811594199
2022-06-01,WRAP,BUY,0.0558375634517767
2022-06-02,WRAP,BUY,0.0865384615384614
2022-06-03,WRAP,BUY,-0.01754385964912263
2022-06-06,WRAP,BUY,-0.061946902654867124
2022-06-07,WRAP,BUY,0.07109004739336489
2022-06-08,WRAP,BUY,-0.02155172413793096
2022-06-09,WRAP,BUY,-0.06607929515418498
2022-06-10,WRAP,BUY,0.02926829268292686
2022-06-13,WRAP,BUY,0.03980099502487566
2022-06-14,WRAP,BUY,-0.07692307692307698
2022-06-15,WRAP,BUY,0.03157894736842108
2022-06-16,WRAP,BUY,0.026737967914438405
2022-06-17,WRAP,BUY,-0.06829268292682923
2022-06-21,WRAP,BUY,-0.07389162561576351
2022-06-22,WRAP,BUY,0.02105263157894739
2022-06-23,WRAP,BUY,-0.04102564102564095
2022-06-24,WRAP,BUY,0.2113402061855671
2022-06-27,WRAP,BUY,0.06363636363636349
2022-06-28,WRAP,BUY,-0.09606986899563327
2022-06-29,WRAP,BUY,-0.09478672985781988
2022-06-30,WRAP,BUY,0.00540540540540541
2022-04-01,TFSL,BUY,-0.0035863717872085307
2022-04-04,TFSL,BUY,-0.015531660692950897
2022-04-05,TFSL,BUY,-0.006674757281553363
2022-04-06,TFSL,BUY,-0.00916310323762994
2022-04-07,TFSL,BUY,-0.022811344019728685
2022-04-08,TFSL,BUY,-0.02385436283741362
2022-04-11,TFSL,BUY,-0.005798969072164939
2022-04-12,TFSL,BUY,-0.01036941023979262
2022-04-13,TFSL,BUY,0.0065530799475753375
2022-04-14,TFSL,BUY,0.0006518904823989431
2022-04-18,TFSL,BUY,0.002605863192182471
2022-04-19,TFSL,BUY,0.01808785529715758
2022-04-20,TFSL,BUY,0.0050825921219822155
2022-04-21,TFSL,BUY,-0.01379310344827579
2022-04-22,TFSL,BUY,-0.017175572519084054
2022-04-25,TFSL,BUY,0.0006485084306095841
2022-04-26,TFSL,BUY,-0.009791122715404723
2022-04-27,TFSL,BUY,-0.00659630606860156
2022-04-28,TFSL,BUY,0.0
2022-04-29,TFSL,BUY,-0.0059681697612732005
2022-05-02,TFSL,BUY,-0.019933554817275795
2022-05-03,TFSL,BUY,0.011494252873563334
2022-05-04,TFSL,BUY,0.02733333333333334
2022-05-05,TFSL,BUY,-0.019595035924232573
2022-05-06,TFSL,BUY,-0.049457994579945826
2022-05-09,TFSL,BUY,0.01517341040462434
2022-05-10,TFSL,BUY,-0.005649717514124299
2022-05-11,TFSL,BUY,-0.004225352112675967
2022-05-12,TFSL,BUY,0.004249291784702585
2022-05-13,TFSL,BUY,0.0007042253521127861
2022-05-16,TFSL,BUY,-0.016185784658691093
2022-05-17,TFSL,BUY,0.015569709837225679
2022-05-18,TFSL,BUY,0.009097270818754428
2022-05-19,TFSL,BUY,-0.004878048780487825
2022-05-20,TFSL,BUY,0.0
2022-05-23,TFSL,BUY,-0.0069252077562326625
2022-05-24,TFSL,BUY,0.007670850767085037
2022-05-25,TFSL,BUY,0.003460207612456797
2022-05-26,TFSL,BUY,0.011627906976744182
2022-05-27,TFSL,BUY,0.008091706001348564
2022-05-31,TFSL,BUY,0.004682274247491658
2022-06-01,TFSL,BUY,-0.013898080741230912
2022-06-02,TFSL,BUY,0.014084507042253459
2022-06-03,TFSL,BUY,-0.01733333333333332
2022-06-06,TFSL,BUY,0.002764340013821641
2022-06-07,TFSL,BUY,-0.0034482758620690145
2022-06-08,TFSL,BUY,0.0034722222222221483
2022-06-09,TFSL,BUY,-0.022884882108183083
2022-06-10,TFSL,BUY,-0.0014378145219266407
2022-06-13,TFSL,BUY,-0.010144927536231925
2022-06-14,TFSL,BUY,-0.006588579795021952
2022-06-15,TFSL,BUY,-0.002919708029197018
2022-06-16,TFSL,BUY,-0.008888888888888832
2022-06-17,TFSL,BUY,0.0
2022-06-21,TFSL,BUY,0.015306122448979524
2022-06-22,TFSL,BUY,-0.005797101449275368
2022-06-23,TFSL,BUY,0.0014577259475218346
2022-06-24,TFSL,BUY,0.02900652646845543
2022-06-27,TFSL,BUY,0.0035014005602241396
2022-06-28,TFSL,BUY,-0.020138888888888953
2022-06-29,TFSL,BUY,-0.013427561837455795
2022-06-30,TFSL,BUY,-0.005792903692976109
2022-04-01,OMF,SELL,-0.0031341412452987583
2022-04-04,OMF,BUY,0.004582378671110162
2022-04-05,OMF,SELL,0.02386882523868822
2022-04-06,OMF,SELL,-0.0010704345964460962
2022-04-07,OMF,BUY,-0.023620356452651953
2022-04-08,OMF,SELL,-0.013764474546646175
2022-04-11,OMF,BUY,0.001084128360798011
2022-04-12,OMF,BUY,-0.0015151515151515212
2022-04-13,OMF,BUY,0.009581881533100996
2022-04-14,OMF,SELL,0.008388900838890096
2022-04-18,OMF,SELL,-0.02921936327954652
2022-04-19,OMF,BUY,0.05299831081081077
2022-04-20,OMF,SELL,0.0021999999999999884
2022-04-21,OMF,SELL,0.028418124006359295
2022-04-22,OMF,SELL,0.03150092649783819
2022-04-25,OMF,BUY,0.020267356619232377
2022-04-26,OMF,SELL,0.026439232409381706
2022-04-27,OMF,SELL,0.017142857142857168
2022-04-28,OMF,SELL,-0.03510331037547224
2022-04-29,OMF,SELL,0.004767063921993475
2022-05-02,OMF,SELL,-0.015401301518438196
2022-05-03,OMF,BUY,0.016177096636866863
2022-05-04,OMF,BUY,0.037704231252618285
2022-05-05,OMF,BUY,-0.028618152085036763
2022-05-06,OMF,SELL,0.034289411257278336
2022-05-09,OMF,BUY,-0.013835336811068417
2022-05-10,OMF,BUY,-0.07873655298695349
2022-05-11,OMF,BUY,-0.023143683702989245
2022-05-12,OMF,SELL,-0.01850000000000005
2022-05-13,OMF,BUY,0.023947750362844578
2022-05-16,OMF,BUY,-0.0014218009478673523
2022-05-17,OMF,BUY,0.02354570637119121
2022-05-18,OMF,BUY,-0.030525591002983667
2022-05-19,OMF,SELL,0.011298076923076895
2022-05-20,OMF,SELL,0.012533140515787012
2022-05-23,OMF,BUY,0.0016666666666666735
2022-05-24,OMF,BUY,-0.015078985160363871
2022-05-25,OMF,BUY,0.022521419828641413
2022-05-26,OMF,SELL,-0.01732320835310861
2022-05-27,OMF,BUY,0.02526071842410205
2022-05-31,OMF,BUY,0.00823798627002287
2022-06-01,OMF,BUY,-0.0233878292461399
2022-06-02,OMF,BUY,0.01757225433526007
2022-06-03,OMF,BUY,-0.013946044810242328
2022-06-06,OMF,SELL,0.0055185100022994244
2022-06-07,OMF,BUY,0.030643274853801222
2022-06-08,OMF,BUY,-0.013563218390804677
2022-06-09,OMF,BUY,-0.02198316183348919
2022-06-10,OMF,BUY,-0.023284313725490093
2022-06-13,OMF,BUY,-0.034793814432989546
2022-06-14,OMF,SELL,0.009829968119022248
2022-06-15,OMF,SELL,0.002644103648863073
2022-06-16,OMF,BUY,-0.046410046410046486
2022-06-17,OMF,BUY,0.05821025195482184
2022-06-21,OMF,BUY,-0.03157336163438572
2022-06-22,OMF,BUY,0.020044543429844065
2022-06-23,OMF,BUY,0.018523563061836005
2022-06-24,OMF,BUY,0.0222104706504494
2022-06-27,OMF,SELL,0.009961685823754804
2022-06-28,OMF,BUY,-0.009982083439979538
2022-06-29,OMF,BUY,-0.009167103195390294
2022-06-30,OMF,SELL,-0.01300813008130092
2022-04-01,HCSG,BUY,-0.0021516944593867214
2022-04-04,HCSG,BUY,-0.009729729729729714
2022-04-05,HCSG,BUY,-0.03762268266085067
2022-04-06,HCSG,BUY,0.007959067652075075
2022-04-07,HCSG,BUY,-0.00167597765363115
2022-04-08,HCSG,BUY,0.006186726659167571
2022-04-11,HCSG,BUY,-0.025852585258525792
2022-04-12,HCSG,BUY,-0.0017341040462428403
2022-04-13,HCSG,BUY,-0.01440922190201729
2022-04-14,HCSG,BUY,0.0005847953216373105
2022-04-18,HCSG,BUY,-0.004142011834319544
2022-04-19,HCSG,BUY,-0.014251781472683992
2022-04-20,HCSG,BUY,0.10857461024498882
2022-04-21,HCSG,BUY,-0.020781791192479054
2022-04-22,HCSG,BUY,-0.020950434338272872
2022-04-25,HCSG,BUY,-0.03384452670544688
2022-04-26,HCSG,BUY,-0.04136789851075565
2022-04-27,HCSG,BUY,-0.006857142857142914
2022-04-28,HCSG,BUY,0.02122776821572008
2022-04-29,HCSG,BUY,-0.031179138321995505
2022-05-02,HCSG,BUY,-0.020930232558139503
2022-05-03,HCSG,BUY,0.03299340131973588
2022-05-04,HCSG,BUY,0.017846862406447825
2022-05-05,HCSG,BUY,-0.014882655981682771
2022-05-06,HCSG,BUY,-0.011040092969204026
2022-05-09,HCSG,BUY,-0.012433392539964526
2022-05-10,HCSG,BUY,-0.029011249259917226
2022-05-11,HCSG,BUY,-0.0054512416717141035
2022-05-12,HCSG,BUY,0.00489895897121873
2022-05-13,HCSG,BUY,0.027895694360218368
2022-05-16,HCSG,BUY,0.014159292035398348
2022-05-17,HCSG,BUY,0.0005720823798625864
2022-05-18,HCSG,BUY,-0.02404121350887225
2022-05-19,HCSG,BUY,0.006563245823388987
2022-05-20,HCSG,BUY,-0.0164030462800235
2022-05-23,HCSG,BUY,-0.01064458900059135
2022-05-24,HCSG,BUY,0.026978417266187008
2022-05-25,HCSG,BUY,-0.013505578391074599
2022-05-26,HCSG,BUY,-0.00177514792899394
2022-05-27,HCSG,BUY,0.01715976331360963
2022-05-31,HCSG,BUY,-0.0011634671320534945
2022-06-01,HCSG,BUY,0.012223515715948827
2022-06-02,HCSG,BUY,0.0011415525114155008
2022-06-03,HCSG,BUY,0.014976958525345713
2022-06-06,HCSG,BUY,0.01977401129943511
2022-06-07,HCSG,BUY,-0.02219755826859038
2022-06-08,HCSG,BUY,-0.008517887563884077
2022-06-09,HCSG,BUY,-0.005229517722254494
2022-06-10,HCSG,BUY,-0.015267175572519175
2022-06-13,HCSG,BUY,-0.021791767554479386
2022-06-14,HCSG,BUY,-0.0257985257985259
2022-06-15,HCSG,BUY,0.023809523809523746
2022-06-16,HCSG,BUY,-0.0074766355140187535
2022-06-17,HCSG,BUY,-0.005531653349723408
2022-06-21,HCSG,BUY,0.008663290078499681
2022-06-22,HCSG,BUY,0.017146356399265227
2022-06-23,HCSG,BUY,0.0247066090179122
2022-06-24,HCSG,BUY,0.026978417266187008
2022-06-27,HCSG,BUY,0.009302325581395357
2022-06-28,HCSG,BUY,-0.015544041450777177
2022-06-29,HCSG,BUY,-0.00639906922629453
2022-06-30,HCSG,BUY,0.03200948429164192
2022-04-01,NWL,BUY,-0.00465116279069774
2022-04-04,NWL,BUY,0.02064758329422812
2022-04-05,NWL,SELL,0.006931608133086974
2022-04-06,NWL,SELL,-0.025304592314901554
2022-04-07,NWL,SELL,0.0036546368204660503
2022-04-08,NWL,SELL,0.002257336343114996
2022-04-11,NWL,BUY,0.004528985507246441
2022-04-12,NWL,SELL,-0.0013501350135014013
2022-04-13,NWL,SELL,-0.018132366273798828
2022-04-14,NWL,BUY,-0.004884547069271734
2022-04-18,NWL,BUY,0.010781671159029579
2022-04-19,NWL,BUY,0.01239486498450647
2022-04-20,NWL,BUY,0.009130434782608733
2022-04-21,NWL,SELL,-0.003005581794761713
2022-04-22,NWL,BUY,-0.020689655172413814
2022-04-25,NWL,BUY,0.02691968225948806
2022-04-26,NWL,SELL,0.020770229337948958
2022-04-27,NWL,SELL,0.0017691287041131866
2022-04-28,NWL,SELL,-0.014537444933920786
2022-04-29,NWL,SELL,0.0004317789291883231
2022-05-02,NWL,BUY,-0.03733905579399146
2022-05-03,NWL,SELL,-0.03584070796460171
2022-05-04,NWL,SELL,0.003851091142490366
2022-05-05,NWL,SELL,0.019956616052060772
2022-05-06,NWL,BUY,0.002676181980374608
2022-05-09,NWL,BUY,0.09525959367945838
2022-05-10,NWL,SELL,0.07598039215686272
2022-05-11,NWL,BUY,-0.029830810329474697
2022-05-12,NWL,SELL,-0.017906336088154295
2022-05-13,NWL,BUY,0.02345511953089759
2022-05-16,NWL,SELL,0.003528892809880981
2022-05-17,NWL,BUY,0.014065934065934078
2022-05-18,NWL,BUY,-0.09102902374670171
2022-05-19,NWL,BUY,-0.0404878048780487
2022-05-20,NWL,BUY,-0.009674134419552
2022-05-23,NWL,BUY,0.0015337423312884017
2022-05-24,NWL,SELL,0.028379772961816343
2022-05-25,NWL,BUY,0.08413205537806168
2022-05-26,NWL,BUY,0.037671232876712306
2022-05-27,NWL,BUY,0.052935514918190464
2022-05-31,NWL,BUY,-0.010156971375807889
2022-06-01,NWL,BUY,-0.00555298472929204
2022-06-02,NWL,BUY,0.004189944134078205
2022-06-03,NWL,BUY,-0.015384615384615306
2022-06-06,NWL,BUY,0.008486562942008473
2022-06-07,NWL,SELL,-0.004275534441805218
2022-06-08,NWL,BUY,-0.02000000000000008
2022-06-09,NWL,BUY,-0.022982885085574518
2022-06-10,NWL,BUY,-0.022970903522205172
2022-06-13,NWL,BUY,-0.014278159703860368
2022-06-14,NWL,BUY,-0.009651474530831084
2022-06-15,NWL,BUY,0.00429184549356214
2022-06-16,NWL,SELL,0.029347826086956477
2022-06-17,NWL,BUY,0.01570386988222104
2022-06-21,NWL,BUY,0.0
2022-06-22,NWL,BUY,0.01953124999999988
2022-06-23,NWL,BUY,0.06222707423580789
2022-06-24,NWL,BUY,0.02823408624229983
2022-06-27,NWL,SELL,0.015499999999999936
2022-06-28,NWL,BUY,-0.020181634712411634
2022-06-29,NWL,BUY,-0.003615702479338858
2022-06-30,NWL,BUY,-0.0015731515469324141
2022-04-01,NNBR,BUY,-0.013888888888888902
2022-04-04,NNBR,BUY,0.05653710247349828
2022-04-05,NNBR,BUY,-0.03344481605351173
2022-04-06,NNBR,BUY,-0.013888888888888902
2022-04-07,NNBR,BUY,-0.03873239436619714
2022-04-08,NNBR,BUY,-0.062271062271062244
2022-04-11,NNBR,BUY,0.015625000000000014
2022-04-12,NNBR,BUY,-0.030769230769230795
2022-04-13,NNBR,BUY,0.003952569169960566
2022-04-14,NNBR,BUY,-0.035156249999999944
2022-04-18,NNBR,BUY,-0.024489795918367366
2022-04-19,NNBR,BUY,0.08333333333333341
2022-04-20,NNBR,BUY,0.04182509505703434
2022-04-21,NNBR,BUY,-0.010830324909747223
2022-04-22,NNBR,BUY,-0.05841924398625427
2022-04-25,NNBR,BUY,0.04761904761904758
2022-04-26,NNBR,BUY,-0.010638297872340358
2022-04-27,NNBR,BUY,0.054545454545454515
2022-04-28,NNBR,BUY,0.04095563139931729
2022-04-29,NNBR,BUY,-0.006557377049180334
2022-05-02,NNBR,BUY,-0.06976744186046512
2022-05-03,NNBR,BUY,0.030035335689045924
2022-05-04,NNBR,BUY,0.0793103448275862
2022-05-05,NNBR,BUY,-0.0032154340836012176
2022-05-06,NNBR,BUY,0.053511705685618624
2022-05-09,NNBR,BUY,0.006410256410256416
2022-05-10,NNBR,BUY,-0.009433962264151021
2022-05-11,NNBR,BUY,-0.18210862619808302
2022-05-12,NNBR,BUY,-0.07114624505928843
2022-05-13,NNBR,BUY,0.004237288135593318
2022-05-16,NNBR,BUY,-0.0871369294605809
2022-05-17,NNBR,BUY,0.060344827586206955
2022-05-18,NNBR,BUY,0.04016064257028098
2022-05-19,NNBR,BUY,0.10894941634241255
2022-05-20,NNBR,BUY,-0.1194539249146758
2022-05-23,NNBR,BUY,0.01960784313725501
2022-05-24,NNBR,BUY,0.0038314176245211615
2022-05-25,NNBR,BUY,0.0
2022-05-26,NNBR,BUY,0.03787878787878791
2022-05-27,NNBR,BUY,-0.01818181818181812
2022-05-31,NNBR,BUY,0.021897810218977957
2022-06-01,NNBR,BUY,-0.06049822064056937
2022-06-02,NNBR,BUY,0.014869888475836444
2022-06-03,NNBR,BUY,0.03321033210332098
2022-06-06,NNBR,BUY,0.050179211469534094
2022-06-07,NNBR,BUY,0.15120274914089343
2022-06-08,NNBR,BUY,0.05120481927710855
2022-06-09,NNBR,BUY,-0.011594202898550735
2022-06-10,NNBR,BUY,-0.050746268656716394
2022-06-13,NNBR,BUY,0.006493506493506499
2022-06-14,NNBR,BUY,-0.07467532467532467
2022-06-15,NNBR,BUY,-0.02040816326530614
2022-06-16,NNBR,BUY,-0.0531914893617021
2022-06-17,NNBR,BUY,-0.011235955056179702
2022-06-21,NNBR,BUY,-0.06343283582089566
2022-06-22,NNBR,BUY,0.024291497975708343
2022-06-23,NNBR,BUY,-0.0313725490196077
2022-06-24,NNBR,BUY,0.06854838709677416
2022-06-27,NNBR,BUY,0.03649635036496337
2022-06-28,NNBR,BUY,-0.010563380281690073
2022-06-29,NNBR,BUY,-0.06785714285714284
2022-06-30,NNBR,BUY,-0.011718750000000097
2022-04-01,CMP,SELL,-0.012057750277645534
2022-04-04,CMP,SELL,-0.004206262657734788
2022-04-05,CMP,SELL,0.029434546862896958
2022-04-06,CMP,SELL,0.004933948750596772
2022-04-07,CMP,SELL,0.00954198473282445
2022-04-08,CMP,SELL,0.014911014911014908
2022-04-11,CMP,SELL,-0.016436126932465385
2022-04-12,CMP,SELL,-0.02698412698412703
2022-04-13,CMP,SELL,-0.013364055299539242
2022-04-14,CMP,SELL,0.007270524083610872
2022-04-18,CMP,SELL,0.004274156617310352
2022-04-19,CMP,BUY,0.02038314176245208
2022-04-20,CMP,SELL,0.013076807455283399
2022-04-21,CMP,SELL,0.030570342205323165
2022-04-22,CMP,SELL,0.004411533007720201
2022-04-25,CMP,BUY,-0.019162640901771413
2022-04-26,CMP,BUY,-0.024462321457888604
2022-04-27,CMP,BUY,-0.00835421888053467
2022-04-28,CMP,SELL,-0.02466255624062663
2022-04-29,CMP,BUY,-0.038536585365853616
2022-05-02,CMP,BUY,-0.0013677551718243358
2022-05-03,CMP,BUY,0.013027082619129207
2022-05-04,CMP,BUY,0.0255802134507877
2022-05-05,CMP,SELL,0.028712871287128745
2022-05-06,CMP,BUY,-0.15744308231173382
2022-05-09,CMP,BUY,-0.016576964477933328
2022-05-10,CMP,BUY,-0.060665362035225025
2022-05-11,CMP,BUY,-0.01736111111111111
2022-05-12,CMP,BUY,-0.024834437086092814
2022-05-13,CMP,BUY,0.026859995246018602
2022-05-16,CMP,BUY,0.021924763443341863
2022-05-17,CMP,BUY,0.010769230769230812
2022-05-18,CMP,BUY,-0.02309020284851101
2022-05-19,CMP,BUY,-0.013609995537706369
2022-05-20,CMP,BUY,-0.02933930571108612
2022-05-23,CMP,BUY,0.011192325262677067
2022-05-24,CMP,BUY,-0.004511617414843125
2022-05-25,CMP,BUY,0.017095965352176886
2022-05-26,CMP,BUY,0.006468882444791416
2022-05-27,CMP,BUY,0.005526083112290008
2022-05-31,CMP,BUY,-0.016418563922942206
2022-06-01,CMP,BUY,-0.027351567711807804
2022-06-02,CMP,BUY,0.028325402220711532
2022-06-03,CMP,BUY,-0.012669482107134925
2022-06-06,CMP,BUY,-0.0029134917077542686
2022-06-07,CMP,BUY,0.010650351234987511
2022-06-08,CMP,BUY,-0.029972752043596736
2022-06-09,CMP,BUY,-0.01584298888626157
2022-06-10,CMP,BUY,0.015628815628815643
2022-06-13,CMP,BUY,-0.08975000000000008
2022-06-14,CMP,BUY,0.001098599285910636
2022-06-15,CMP,BUY,-0.008097165991902758
2022-06-16,CMP,BUY,-0.09063022866703849
2022-06-17,CMP,BUY,0.042472173403632185
2022-06-21,CMP,BUY,-0.0019089173711480851
2022-06-22,CMP,BUY,0.02122312203295163
2022-06-23,CMP,BUY,-0.02390109890109883
2022-06-24,CMP,BUY,0.021418636995827425
2022-06-27,CMP,BUY,-0.011099079588521835
2022-06-28,CMP,BUY,-0.04319654427645792
2022-06-29,CMP,BUY,-0.004157427937915703
2022-06-30,CMP,BUY,-0.001692524682651686
2022-04-01,TMDX,SELL,-0.014760147601475962
2022-04-04,TMDX,BUY,-0.008267433501078376
2022-04-05,TMDX,SELL,0.012681159420289906
2022-04-06,TMDX,BUY,0.017202692595362785
2022-04-07,TMDX,BUY,0.010014836795252209
2022-04-08,TMDX,SELL,-0.004441154700222095
2022-04-11,TMDX,SELL,0.044502617801047036
2022-04-12,TMDX,BUY,-0.09770114942528738
2022-04-13,TMDX,SELL,-0.05446808510638303
2022-04-14,TMDX,BUY,-0.04862236628849268
2022-04-18,TMDX,BUY,-0.036846615252784896
2022-04-19,TMDX,BUY,0.00443852640923204
2022-04-20,TMDX,BUY,-0.004345936549326441
2022-04-21,TMDX,HOLD,0.0
2022-04-22,TMDX,BUY,-0.01930147058823537
2022-04-25,TMDX,BUY,0.057303898543917445
2022-04-26,TMDX,BUY,-0.05871725383920509
2022-04-27,TMDX,BUY,-0.01201345506967804
2022-04-28,TMDX,BUY,0.03644107903454802
2022-04-29,TMDX,BUY,-0.03052728954671601
2022-05-02,TMDX,SELL,-0.044634377967711365
2022-05-03,TMDX,BUY,-0.008612873980054295
2022-05-04,TMDX,HOLD,0.0
2022-05-05,TMDX,SELL,0.0456666666666667
2022-05-06,TMDX,SELL,0.032608695652173905
2022-05-09,TMDX,HOLD,0.0
2022-05-10,TMDX,BUY,-0.09228550829127609
2022-05-11,TMDX,BUY,-0.03176470588235289
2022-05-12,TMDX,BUY,0.05313014827018118
2022-05-13,TMDX,BUY,0.14549019607843142
2022-05-16,TMDX,SELL,0.048687845303867404
2022-05-17,TMDX,SELL,0.004237288135593255
2022-05-18,TMDX,BUY,-0.004371584699453588
2022-05-19,TMDX,BUY,0.014290949065591814
2022-05-20,TMDX,HOLD,0.0
2022-05-23,TMDX,SELL,0.021313766596785445
2022-05-24,TMDX,SELL,-0.024222704266088146
2022-05-25,TMDX,SELL,-0.004455997029335351
2022-05-26,TMDX,SELL,-0.030780505679736163
2022-05-27,TMDX,BUY,0.05618374558303886
2022-05-31,TMDX,SELL,0.02146930560214683
2022-06-01,TMDX,SELL,0.03764544832306632
2022-06-02,TMDX,BUY,0.01135557132718241
2022-06-03,TMDX,SELL,-0.009262557890986747
2022-06-06,TMDX,HOLD,0.0
2022-06-07,TMDX,BUY,0.0338733431516936
2022-06-08,TMDX,BUY,0.0010779734099892612
2022-06-09,TMDX,SELL,0.022719076812116806
2022-06-10,TMDX,HOLD,0.0
2022-06-13,TMDX,BUY,0.040436716538617065
2022-06-14,TMDX,SELL,-0.060629615235134035
2022-06-15,TMDX,SELL,-0.023222060957910035
2022-06-16,TMDX,BUY,-0.0557377049180327
2022-06-17,TMDX,BUY,0.010408635312259043
2022-06-21,TMDX,BUY,0.057742782152230936
2022-06-22,TMDX,BUY,0.03463048911103173
2022-06-23,TMDX,SELL,-0.08503401360544217
2022-06-24,TMDX,SELL,0.0369230769230769
2022-06-27,TMDX,SELL,-0.012598425196850348
2022-06-28,TMDX,SELL,0.043996333638863364
2022-06-29,TMDX,SELL,0.0012682308180088505
2022-06-30,TMDX,BUY,0.022099447513812147
2022-04-01,GE,BUY,0.004234527687296423
2022-04-04,GE,SELL,0.0017357344326319243
2022-04-05,GE,SELL,0.01701941959415233
2022-04-06,GE,SELL,-0.0060422960725074635
2022-04-07,GE,BUY,-0.004008016032064122
2022-04-08,GE,SELL,-0.0027936082243826127
2022-04-11,GE,BUY,0.0014518650882286736
2022-04-12,GE,SELL,0.0
2022-04-13,GE,SELL,-0.006543921916592762
2022-04-14,GE,SELL,0.0023066783831283827
2022-04-18,GE,BUY,-0.006265801912718404
2022-04-19,GE,SELL,-0.012114537444934015
2022-04-20,GE,SELL,0.011891891891891831
2022-04-21,GE,BUY,-0.01323292092522866
2022-04-22,GE,BUY,-0.020024205083067525
2022-04-25,GE,SELL,-0.015593220338983
2022-04-26,GE,SELL,0.05132430841671571
2022-04-27,GE,SELL,0.02237500000000008
2022-04-28,GE,SELL,0.008419441255262108
2022-04-29,GE,SELL,0.03794037940379401
2022-05-02,GE,SELL,-0.01970576326089882
2022-05-03,GE,SELL,-0.010540013012361774
2022-05-04,GE,BUY,0.028648164726947298
2022-05-05,GE,SELL,0.009952128999747947
2022-05-06,GE,SELL,0.0012766500702156814
2022-05-09,GE,SELL,0.04962229747330037
2022-05-10,GE,BUY,-0.009324324324324293
2022-05-11,GE,SELL,0.01789587852494587
2022-05-12,GE,SELL,-0.02146640646780048
2022-05-13,GE,BUY,0.008872160236590893
2022-05-16,GE,SELL,-0.004306284483918627
2022-05-17,GE,BUY,0.0024931111402704625
2022-05-18,GE,BUY,-0.0059484467944481536
2022-05-19,GE,SELL,-0.009866666666666598
2022-05-20,GE,BUY,-0.01129943502824858
2022-05-23,GE,SELL,0.007366482504604082
2022-05-24,GE,SELL,0.002810116419108898
2022-05-25,GE,SELL,-0.014427657547298248
2022-05-26,GE,SELL,-0.02379686253655951
2022-05-27,GE,BUY,0.019019278043731384
2022-05-31,GE,BUY,0.00436177036561903
2022-06-01,GE,BUY,-0.019726858877086525
2022-06-02,GE,BUY,-0.0002563445270442966
2022-06-03,GE,SELL,-0.0029971331769612195
2022-06-06,GE,BUY,-0.011680143755615411
2022-06-07,GE,BUY,0.014172409309582674
2022-06-08,GE,BUY,0.006128569565784312
2022-06-09,GE,BUY,-0.02744179997398881
2022-06-10,GE,SELL,0.024513831826896634
2022-06-13,GE,SELL,0.025190729811429394
2022-06-14,GE,BUY,0.0014716703458424476
2022-06-15,GE,SELL,-0.002030162412993048
2022-06-16,GE,BUY,-0.025958526033119423
2022-06-17,GE,BUY,0.012425218591808595
2022-06-21,GE,BUY,-0.025348354580492054
2022-06-22,GE,SELL,-0.005609224057338725
2022-06-23,GE,BUY,-0.004660556159701901
2022-06-24,GE,SELL,-0.03742653881843492
2022-06-27,GE,BUY,-0.01126426559952579
2022-06-28,GE,SELL,0.023276501111934876
2022-06-29,GE,BUY,-0.03103605659516212
2022-06-30,GE,BUY,0.017905675459632366
2022-04-01,VFC,BUY,-0.011192724728926209
2022-04-04,VFC,BUY,0.006185931424531662
2022-04-05,VFC,BUY,-0.006062767475035598
2022-04-06,VFC,BUY,0.011613137361640366
2022-04-07,VFC,BUY,0.00971747345690119
2022-04-08,VFC,BUY,0.009627384560527707
2022-04-11,VFC,BUY,-0.014962593516209537
2022-04-12,VFC,BUY,-0.005027832644999123
2022-04-13,VFC,BUY,0.01358941837289364
2022-04-14,VFC,BUY,-0.0007112375533428014
2022-04-18,VFC,BUY,-0.0008968609865470343
2022-04-19,VFC,BUY,0.02611339653013774
2022-04-20,VFC,BUY,-0.001212121212121217
2022-04-21,VFC,BUY,-0.038795303726391034
2022-04-22,VFC,BUY,-0.025008931761343313
2022-04-25,VFC,BUY,0.00110599078341018
2022-04-26,VFC,BUY,-0.025288211230940858
2022-04-27,VFC,BUY,0.005171423099023099
2022-04-28,VFC,BUY,-0.0011259148057797387
2022-04-29,VFC,BUY,-0.016269390843738164
2022-05-02,VFC,BUY,-0.001912411550965795
2022-05-03,VFC,BUY,-0.005931879066207332
2022-05-04,VFC,BUY,0.006380510440835234
2022-05-05,VFC,BUY,-0.042333203277409186
2022-05-06,VFC,BUY,-0.008538109121199577
2022-05-09,VFC,BUY,0.011066184294530665
2022-05-10,VFC,BUY,-0.03410272405905595
2022-05-11,VFC,BUY,-0.028473560265467743
2022-05-12,VFC,BUY,0.04097818902842034
2022-05-13,VFC,BUY,0.001473063973063979
2022-05-16,VFC,BUY,-0.004662004662004638
2022-05-17,VFC,BUY,0.006259127894846592
2022-05-18,VFC,BUY,-0.017525112203462284
2022-05-19,VFC,BUY,-0.018913569386408608
2022-05-20,VFC,BUY,-0.01416666666666666
2022-05-23,VFC,BUY,-0.019206416209371118
2022-05-24,VFC,BUY,-0.005900349650349563
2022-05-25,VFC,BUY,0.0468784714507887
2022-05-26,VFC,BUY,0.018124999999999947
2022-05-27,VFC,BUY,0.0276469383575671
2022-05-31,VFC,BUY,0.00497908783110934
2022-06-01,VFC,BUY,-0.02599687255668488
2022-06-02,VFC,BUY,0.022301871764237445
2022-06-03,VFC,BUY,-0.011253701875616985
2022-06-06,VFC,BUY,-0.0067580997813556625
2022-06-07,VFC,BUY,0.01667683546878178
2022-06-08,VFC,BUY,0.005856219709208383
2022-06-09,VFC,BUY,-0.016050386021942285
2022-06-10,VFC,BUY,-0.005257623554153523
2022-06-13,VFC,BUY,-0.004782608695652149
2022-06-14,VFC,BUY,-0.010888501742160278
2022-06-15,VFC,BUY,0.015879921688057515
2022-06-16,VFC,BUY,-0.02625820568927796
2022-06-17,VFC,BUY,0.02535337671079207
2022-06-21,VFC,BUY,-0.0012919896640825833
2022-06-22,VFC,BUY,-0.0028340963592761166
2022-06-23,VFC,BUY,0.014543086607336699
2022-06-24,VFC,BUY,0.018023748939779507
2022-06-27,VFC,BUY,-0.01102788181439869
2022-06-28,VFC,BUY,-0.036603221083455345
2022-06-29,VFC,BUY,-0.021461088228918318
2022-06-30,VFC,BUY,-0.007192627556754333
2022-04-01,VAC,SELL,0.027284183994958945
2022-04-04,VAC,SELL,-0.00887995851698214
2022-04-05,VAC,SELL,0.014991351143571039
2022-04-06,VAC,SELL,0.038512179065174415
2022-04-07,VAC,BUY,-0.009137753349364565
2022-04-08,VAC,SELL,0.01930851805381298
2022-04-11,VAC,SELL,0.0005714285714286607
2022-04-12,VAC,BUY,0.003886376483889082
2022-04-13,VAC,SELL,-0.04842683184345742
2022-04-14,VAC,SELL,-0.014342895263509044
2022-04-18,VAC,SELL,-0.000661988613795805
2022-04-19,VAC,SELL,-0.020667412624234754
2022-04-20,VAC,SELL,-0.016941538856446038
2022-04-21,VAC,SELL,0.043738802742941944
2022-04-22,VAC,SELL,0.020813008130081228
2022-04-25,VAC,SELL,-0.01884145119262392
2022-04-26,VAC,HOLD,0.0
2022-04-27,VAC,SELL,-0.014820749048668128
2022-04-28,VAC,SELL,0.0005843396961433802
2022-04-29,VAC,SELL,0.030639402791301517
2022-05-02,VAC,SELL,-0.007308079114984937
2022-05-03,VAC,BUY,-0.02813824152542373
2022-05-04,VAC,BUY,0.012515304040266653
2022-05-05,VAC,SELL,0.04334281457402144
2022-05-06,VAC,HOLD,0.0
2022-05-09,VAC,BUY,-0.05022082917794546
2022-05-10,VAC,SELL,-0.03333578629774083
2022-05-11,VAC,BUY,-0.011692570939683348
2022-05-12,VAC,SELL,0.013392210800636996
2022-05-13,VAC,SELL,-0.023023239081948258
2022-05-16,VAC,SELL,0.011196394620097201
2022-05-17,VAC,SELL,-0.014568158168574362
2022-05-18,VAC,SELL,0.019439044709802716
2022-05-19,VAC,SELL,-0.0015814822802098975
2022-05-20,VAC,BUY,-0.0407428329332016
2022-05-23,VAC,BUY,0.015293860607384708
2022-05-24,VAC,BUY,-0.02242868549030996
2022-05-25,VAC,BUY,0.06354790419161684
2022-05-26,VAC,SELL,-0.02486653554369199
2022-05-27,VAC,BUY,0.008809378599986525
2022-05-31,VAC,SELL,-0.001287873652816361
2022-06-01,VAC,SELL,0.018945246892845102
2022-06-02,VAC,SELL,-0.027789241986518037
2022-06-03,VAC,SELL,-0.0013551971811897859
2022-06-06,VAC,SELL,-0.022122108660570145
2022-06-07,VAC,SELL,-0.01518668346707355
2022-06-08,VAC,SELL,0.0069174517425389225
2022-06-09,VAC,BUY,-0.02218816631130072
2022-06-10,VAC,BUY,-0.04226825695752251
2022-06-13,VAC,HOLD,0.0
2022-06-14,VAC,SELL,0.018143261074457965
2022-06-15,VAC,BUY,0.015439429928741116
2022-06-16,VAC,BUY,-0.08890133632071696
2022-06-17,VAC,BUY,0.03947368421052631
2022-06-21,VAC,BUY,-0.04815556668335834
2022-06-22,VAC,BUY,0.013960980848398087
2022-06-23,VAC,BUY,0.003361939308148239
2022-06-24,VAC,BUY,0.049349049964813506
2022-06-27,VAC,BUY,0.0182001174201124
2022-06-28,VAC,BUY,-0.02268846060014631
2022-06-29,VAC,BUY,-0.016961773953334414
2022-06-30,VAC,BUY,0.0015514566454060234
2022-04-01,AMD,SELL,0.02072773352643018
2022-04-04,AMD,SELL,-0.005092297899427137
2022-04-05,AMD,SELL,0.026120253453070237
2022-04-06,AMD,SELL,0.007467687888942088
2022-04-07,AMD,SELL,0.0019245573518091113
2022-04-08,AMD,SELL,0.0147302702175398
2022-04-11,AMD,SELL,0.012474645030425861
2022-04-12,AMD,SELL,0.037254504960518395
2022-04-13,AMD,SELL,-0.025603357817418654
2022-04-14,AMD,SELL,0.05397987191216837
2022-04-18,AMD,SELL,-0.020210800825817662
2022-04-19,AMD,SELL,-0.037961128660919864
2022-04-20,AMD,SELL,0.039043336058871704
2022-04-21,AMD,BUY,-0.05580075662042878
2022-04-22,AMD,SELL,0.02099300233255582
2022-04-25,AMD,SELL,-0.009236590251502318
2022-04-26,AMD,SELL,0.05103632716737239
2022-04-27,AMD,SELL,-0.007833827893175034
2022-04-28,AMD,SELL,-0.03426791277258565
2022-04-29,AMD,SELL,0.0287336740488359
2022-05-02,AMD,SELL,-0.0488587939991828
2022-05-03,AMD,SELL,-0.014245965498052323
2022-05-04,AMD,BUY,0.012629863515990984
2022-05-05,AMD,SELL,0.03870967741935485
2022-05-06,AMD,BUY,0.010599957600169598
2022-05-09,AMD,BUY,-0.07004791902223653
2022-05-10,AMD,SELL,0.005045974433729567
2022-05-11,AMD,SELL,-0.0009107468123861372
2022-05-12,AMD,BUY,0.005311778290993164
2022-05-13,AMD,BUY,0.07723669309173281
2022-05-16,AMD,BUY,0.0040485829959513685
2022-05-17,AMD,BUY,0.0468941561095219
2022-05-18,AMD,SELL,0.03719999999999999
2022-05-19,AMD,SELL,0.00020684662322883465
2022-05-20,AMD,BUY,-0.049651877826904556
2022-05-23,AMD,SELL,-0.03720270565132006
2022-05-24,AMD,BUY,-0.014912470283120916
2022-05-25,AMD,BUY,0.02460602709427712
2022-05-26,AMD,BUY,0.08112546529450401
2022-05-27,AMD,BUY,0.021170361493908572
2022-05-31,AMD,SELL,0.005564775944547568
2022-06-01,AMD,BUY,-0.008910212474297432
2022-06-02,AMD,BUY,0.07749553482833897
2022-06-03,AMD,SELL,-0.004725897920604915
2022-06-06,AMD,SELL,0.02419876235337573
2022-06-07,AMD,BUY,0.009976976208749102
2022-06-08,AMD,BUY,-0.025533135698575
2022-06-09,AMD,BUY,-0.027271832233927304
2022-06-10,AMD,SELL,0.04047763610605141
2022-06-13,AMD,BUY,-0.04678939294323921
2022-06-14,AMD,BUY,-0.004804942226289918
2022-06-15,AMD,BUY,0.015927189988623337
2022-06-16,AMD,BUY,-0.05286852129747199
2022-06-17,AMD,BUY,-0.00754349677576353
2022-06-21,AMD,BUY,-0.004514672686230194
2022-06-22,AMD,BUY,-0.007701421800947934
2022-06-23,AMD,BUY,-0.022356638794994853
2022-06-24,AMD,BUY,0.04212541886069885
2022-06-27,AMD,BUY,-0.01367981226031718
2022-06-28,AMD,BUY,-0.05751954264379877
2022-06-29,AMD,BUY,-0.019610307982401036
2022-06-30,AMD,SELL,0.01620995754534935
2022-04-01,STRA,SELL,-0.01709914504274787
2022-04-04,STRA,SELL,-0.01133352958492782
2022-04-05,STRA,SELL,0.002041709202274849
2022-04-06,STRA,BUY,0.0002916727431822989
2022-04-07,STRA,BUY,0.018572682070781082
2022-04-08,STRA,BUY,0.001004016064257134
2022-04-11,STRA,SELL,0.00589758342922895
2022-04-12,STRA,SELL,-0.018807406327452866
2022-04-13,STRA,BUY,0.024306548470117286
2022-04-14,STRA,SELL,-0.01544943820224711
2022-04-18,STRA,SELL,-0.00013933398355866122
2022-04-19,STRA,BUY,0.009510489510489606
2022-04-20,STRA,BUY,-0.0022032497934454803
2022-04-21,STRA,BUY,-0.022423992296051666
2022-04-22,STRA,SELL,0.01327871168244119
2022-04-25,STRA,BUY,0.025989026855327706
2022-04-26,STRA,BUY,-0.00511799829400056
2022-04-27,STRA,SELL,0.004557755305511939
2022-04-28,STRA,BUY,-0.03437319468515303
2022-04-29,STRA,SELL,0.025199939640863162
2022-05-02,STRA,BUY,0.030662557781201766
2022-05-03,STRA,BUY,-0.023343373493976072
2022-05-04,STRA,BUY,-0.0009161704076956493
2022-05-05,STRA,SELL,0.014895729890764561
2022-05-06,STRA,BUY,-0.015043424317617958
2022-05-09,STRA,SELL,-0.003975194784544443
2022-05-10,STRA,BUY,-0.014728925101848915
2022-05-11,STRA,BUY,-0.021259717594796182
2022-05-12,STRA,BUY,0.012997562956945643
2022-05-13,STRA,SELL,0.005568814638027071
2022-05-16,STRA,BUY,0.005309453997939628
2022-05-17,STRA,SELL,-0.011854624863515913
2022-05-18,STRA,HOLD,0.0
2022-05-19,STRA,BUY,-0.008285133656401456
2022-05-20,STRA,BUY,0.0009364757296707083
2022-05-23,STRA,BUY,-0.021421918658801654
2022-05-24,STRA,BUY,0.02582496413199422
2022-05-25,STRA,BUY,0.022536524712465072
2022-05-26,STRA,BUY,-0.007295941632467
2022-05-27,STRA,SELL,-0.0329348245275741
2022-05-31,STRA,BUY,-0.006040471156750313
2022-06-01,STRA,BUY,-0.01778983868536096
2022-06-02,STRA,BUY,0.004895960832313455
2022-06-03,STRA,SELL,-0.001529051987767497
2022-06-06,STRA,BUY,0.00045358330813427783
2022-06-07,STRA,BUY,0.006710385847186396
2022-06-08,STRA,BUY,0.0027510316368637108
2022-06-09,STRA,BUY,-0.011332312404287824
2022-06-10,STRA,SELL,0.002360717658168061
2022-06-13,STRA,BUY,-0.016808067872578793
2022-06-14,STRA,BUY,-0.005816771691711091
2022-06-15,STRA,SELL,0.004356243949661117
2022-06-16,STRA,BUY,-0.015101772816808957
2022-06-17,STRA,BUY,0.0023251951503072675
2022-06-21,STRA,BUY,-0.0057301899148657735
2022-06-22,STRA,SELL,-0.02281368821292768
2022-06-23,STRA,BUY,0.057046440623493566
2022-06-24,STRA,BUY,0.07933383800151414
2022-06-27,STRA,SELL,-0.010716771050800421
2022-06-28,STRA,BUY,-0.030786146234194737
2022-06-29,STRA,BUY,-0.032152511025750535
2022-06-30,STRA,BUY,0.047025663848093785
2022-04-01,TEAM,BUY,0.029357303976029453
2022-04-04,TEAM,SELL,-0.03711212111303673
2022-04-05,TEAM,SELL,0.05406940063091478
2022-04-06,TEAM,HOLD,0.0
2022-04-07,TEAM,SELL,-0.021157197629836356
2022-04-08,TEAM,SELL,-0.0032085561497326373
2022-04-11,TEAM,SELL,-0.015097724130199263
2022-04-12,TEAM,BUY,-0.04624462375146622
2022-04-13,TEAM,BUY,0.03810546585690995
2022-04-14,TEAM,BUY,-0.05255828899917867
2022-04-18,TEAM,BUY,-0.023478424722065263
2022-04-19,TEAM,BUY,0.0616279069767441
2022-04-20,TEAM,BUY,-0.043229429126772696
2022-04-21,TEAM,BUY,-0.05145932209723825
2022-04-22,TEAM,BUY,-0.03943452380952389
2022-04-25,TEAM,BUY,0.031687276277253464
2022-04-26,TEAM,SELL,0.029167332587502044
2022-04-27,TEAM,BUY,-0.008464230487507171
2022-04-28,TEAM,BUY,0.03392324517796791
2022-04-29,TEAM,BUY,-0.07221557380431642
2022-05-02,TEAM,BUY,0.04853157449084191
2022-05-03,TEAM,SELL,0.03820669477669734
2022-05-04,TEAM,BUY,0.035288928098809
2022-05-05,TEAM,BUY,-0.07214830970556158
2022-05-06,TEAM,BUY,-0.0409672830725463
2022-05-09,TEAM,BUY,-0.07525092046199634
2022-05-10,TEAM,BUY,-0.056363731164294294
2022-05-11,TEAM,BUY,-0.049629463283179895
2022-05-12,TEAM,BUY,0.022288117055149152
2022-05-13,TEAM,BUY,0.07598541809068127
2022-05-16,TEAM,BUY,-0.040078095341395885
2022-05-17,TEAM,BUY,-0.05677824041529227
2022-05-18,TEAM,BUY,-0.05419091967403959
2022-05-19,TEAM,BUY,0.06600378210211671
2022-05-20,TEAM,BUY,-0.006718924972004416
2022-05-23,TEAM,BUY,0.021088318106073593
2022-05-24,TEAM,BUY,-0.056927849264706024
2022-05-25,TEAM,BUY,0.05401234567901234
2022-05-26,TEAM,BUY,0.039952508162659654
2022-05-27,TEAM,BUY,0.038089887640449446
2022-05-31,TEAM,BUY,-0.040372334668254184
2022-06-01,TEAM,BUY,-0.010215350635008252
2022-06-02,TEAM,BUY,0.10324318258332402
2022-06-03,TEAM,BUY,-0.00646473072311146
2022-06-06,TEAM,BUY,-0.0214965286706093
2022-06-07,TEAM,BUY,0.07786841257915633
2022-06-08,TEAM,BUY,0.010212808773959858
2022-06-09,TEAM,BUY,-0.006989465153970803
2022-06-10,TEAM,BUY,-0.03582668904741914
2022-06-13,TEAM,BUY,-0.044145542334885365
2022-06-14,TEAM,BUY,0.0033508855911919713
2022-06-15,TEAM,BUY,0.05682352941176468
2022-06-16,TEAM,BUY,-0.03717904031602171
2022-06-17,TEAM,BUY,0.06419120276552634
2022-06-21,TEAM,BUY,0.007986780501239264
2022-06-22,TEAM,BUY,0.031375166889185666
2022-06-23,TEAM,BUY,0.024871400540913177
2022-06-24,TEAM,BUY,0.03326455638870709
2022-06-27,TEAM,BUY,-0.037095238095238056
2022-06-28,TEAM,BUY,-0.038970111271892635
2022-06-29,TEAM,BUY,0.0030766021796944432
2022-06-30,TEAM,BUY,-0.008465608465608435
2022-04-01,ANET,BUY,-0.006057151001211592
2022-04-04,ANET,BUY,0.02344422139374828
2022-04-05,ANET,BUY,-0.006549295774647935
2022-04-06,ANET,BUY,-0.047478173028357114
2022-04-07,ANET,BUY,0.005450416351249045
2022-04-08,ANET,BUY,-0.00870025722499626
2022-04-11,ANET,BUY,-0.014263565891472894
2022-04-12,ANET,BUY,-0.009406825779367129
2022-04-13,ANET,BUY,0.02680944192590282
2022-04-14,ANET,BUY,-0.03675519366867056
2022-04-18,ANET,BUY,0.0009517766497462289
2022-04-19,ANET,BUY,0.021728786677240357
2022-04-20,ANET,BUY,0.013227091633466108
2022-04-21,ANET,BUY,-0.06872772353943905
2022-04-22,ANET,BUY,-0.024046434494195617
2022-04-25,ANET,BUY,0.016841925279986313
2022-04-26,ANET,BUY,-0.0262779890156316
2022-04-27,ANET,BUY,-0.002597852441981271
2022-04-28,ANET,BUY,0.03165529010238902
2022-04-29,ANET,BUY,-0.03288702928870298
2022-05-02,ANET,BUY,0.022037853253824315
2022-05-03,ANET,BUY,0.010098325803879888
2022-05-04,ANET,BUY,0.030173167745320997
2022-05-05,ANET,BUY,-0.04770894113609063
2022-05-06,ANET,BUY,0.011575973019779513
2022-05-09,ANET,BUY,-0.057568512047084706
2022-05-10,ANET,BUY,0.0032452037797079643
2022-05-11,ANET,BUY,-0.00790513833992102
2022-05-12,ANET,BUY,0.0014775413711584486
2022-05-13,ANET,BUY,0.048239266763145196
2022-05-16,ANET,BUY,-0.024888558692422052
2022-05-17,ANET,BUY,0.0
2022-05-18,ANET,BUY,-0.026942415330613825
2022-05-19,ANET,BUY,0.0007919223916056058
2022-05-20,ANET,BUY,-0.0034951456310679556
2022-05-23,ANET,BUY,0.0031378701706216237
2022-05-24,ANET,BUY,-0.014531435349940678
2022-05-25,ANET,BUY,0.019696969696969727
2022-05-26,ANET,BUY,0.025207591933570556
2022-05-27,ANET,BUY,0.005126744517231618
2022-05-31,ANET,BUY,-0.02404580152671752
2022-06-01,ANET,BUY,-0.01768115942028984
2022-06-02,ANET,BUY,0.04757204895380979
2022-06-03,ANET,BUY,-0.01855022831050231
2022-06-06,ANET,BUY,-0.016251663181904522
2022-06-07,ANET,BUY,0.01885317964247331
2022-06-08,ANET,BUY,-9.703085581219791e-05
2022-06-09,ANET,BUY,-0.03990243902439028
2022-06-10,ANET,BUY,-0.017993795243019743
2022-06-13,ANET,BUY,0.009426723665460917
2022-06-14,ANET,BUY,0.0021803117845852265
2022-06-15,ANET,BUY,-0.006737967914438454
2022-06-16,ANET,BUY,0.0003318951211417318
2022-06-17,ANET,BUY,-0.0008789277081959822
2022-06-21,ANET,BUY,0.015586102392033745
2022-06-22,ANET,BUY,0.006817443999567251
2022-06-23,ANET,BUY,0.01177718832891246
2022-06-24,ANET,BUY,0.029815330650985104
2022-06-27,ANET,BUY,-0.014355497956335337
2022-06-28,ANET,BUY,-0.03670745272525023
2022-06-29,ANET,BUY,-0.005656227087042967
2022-06-30,ANET,BUY,0.0043930140362155425
2022-04-01,FNKO,SELL,-0.008050603795284678
2022-04-04,FNKO,SELL,-0.008004574042309925
2022-04-05,FNKO,BUY,0.01977401129943511
2022-04-06,FNKO,BUY,0.00507042253521126
2022-04-07,FNKO,SELL,-0.001124859392575904
2022-04-08,FNKO,BUY,0.008403361344537735
2022-04-11,FNKO,SELL,0.0022358859698154918
2022-04-12,FNKO,SELL,0.03166666666666668
2022-04-13,FNKO,SELL,0.01899827288428335
2022-04-14,FNKO,BUY,-0.024547048509643375
2022-04-18,FNKO,BUY,0.013601419278533438
2022-04-19,FNKO,BUY,0.03796728971962608
2022-04-20,FNKO,SELL,0.01619207146845333
2022-04-21,FNKO,BUY,-0.030354131534569936
2022-04-22,FNKO,SELL,0.021675454012888166
2022-04-25,FNKO,SELL,-0.03532277710109612
2022-04-26,FNKO,SELL,0.03218116805721112
2022-04-27,FNKO,SELL,-0.00736196319018411
2022-04-28,FNKO,SELL,-0.003607937462417455
2022-04-29,FNKO,SELL,0.01689800844900429
2022-05-02,FNKO,SELL,-0.021551724137931123
2022-05-03,FNKO,SELL,-0.02903811252268605
2022-05-04,FNKO,BUY,0.03740502630040915
2022-05-05,FNKO,SELL,0.03742084052964894
2022-05-06,FNKO,HOLD,0.0
2022-05-09,FNKO,SELL,0.0651760228353949
2022-05-10,FNKO,SELL,0.018283392585068715
2022-05-11,FNKO,SELL,0.008914525432616765
2022-05-12,FNKO,SELL,-0.03606521973868928
2022-05-13,FNKO,BUY,0.09006211180124216
2022-05-16,FNKO,BUY,-0.05941542884523248
2022-05-17,FNKO,SELL,-0.02561526870919144
2022-05-18,FNKO,SELL,0.03303303303303304
2022-05-19,FNKO,SELL,0.006852925672113812
2022-05-20,FNKO,SELL,0.02631578947368421
2022-05-23,FNKO,SELL,-0.02192982456140363
2022-05-24,FNKO,BUY,-0.016402405686167344
2022-05-25,FNKO,BUY,0.05809362662154546
2022-05-26,FNKO,SELL,-0.02265542676501579
2022-05-27,FNKO,SELL,-0.04073319755600818
2022-05-31,FNKO,SELL,0.010684798445847443
2022-06-01,FNKO,BUY,0.006335282651072077
2022-06-02,FNKO,BUY,0.01653696498054474
2022-06-03,FNKO,SELL,-0.048520135856380396
2022-06-06,FNKO,SELL,0.019679633867276874
2022-06-07,FNKO,SELL,-0.04660009510223492
2022-06-08,FNKO,SELL,0.001827318410232944
2022-06-09,FNKO,SELL,-0.011547344110854504
2022-06-10,FNKO,SELL,0.01948955916473326
2022-06-13,FNKO,SELL,0.044616876818622773
2022-06-14,FNKO,SELL,-0.037716615698266995
2022-06-15,FNKO,SELL,-0.0019531249999999584
2022-06-16,FNKO,SELL,-0.003512293025589578
2022-06-17,FNKO,SELL,-0.00751879699248131
2022-06-21,FNKO,SELL,-0.010268948655256765
2022-06-22,FNKO,BUY,0.029411764705882425
2022-06-23,FNKO,HOLD,0.0
2022-06-24,FNKO,SELL,0.0045323444581787985
2022-06-27,FNKO,SELL,0.0032962505150390727
2022-06-28,FNKO,SELL,0.04865979381443298
2022-06-29,FNKO,SELL,0.0008760402978536827
2022-06-30,FNKO,SELL,0.0066755674232309116
2022-04-01,VRTX,SELL,-0.01758745937679207
2022-04-04,VRTX,SELL,-0.006745615350022528
2022-04-05,VRTX,SELL,-0.007463800567248844
2022-04-06,VRTX,SELL,-0.02114339268978439
2022-04-07,VRTX,SELL,-0.012628951136238475
2022-04-08,VRTX,SELL,-0.021391348711781447
2022-04-11,VRTX,SELL,-0.0043950546701921
2022-04-12,VRTX,SELL,-0.000711870439579956
2022-04-13,VRTX,SELL,-0.033168791505380275
2022-04-14,VRTX,SELL,0.00466611364579001
2022-04-18,VRTX,SELL,0.016268641151319242
2022-04-19,VRTX,SELL,0.0016608360719461016
2022-04-20,VRTX,SELL,-0.0033868261956763357
2022-04-21,VRTX,SELL,0.015000000000000072
2022-04-22,VRTX,SELL,0.03621070639389824
2022-04-25,VRTX,SELL,-0.006222222222222248
2022-04-26,VRTX,SELL,0.012469103921496276
2022-04-27,VRTX,SELL,0.0002992556016907346
2022-04-28,VRTX,SELL,-0.0002606396842536143
2022-04-29,VRTX,SELL,0.0064727272727271735
2022-05-02,VRTX,SELL,0.008309515246730114
2022-05-03,VRTX,SELL,-0.009604201838304266
2022-05-04,VRTX,SELL,-0.01618771812578902
2022-05-05,VRTX,SELL,0.01958114027016082
2022-05-06,VRTX,SELL,0.009324282147315802
2022-05-09,VRTX,SELL,0.06366533864541829
2022-05-10,VRTX,SELL,-0.002420903247349462
2022-05-11,VRTX,SELL,0.012150515030481339
2022-05-12,VRTX,SELL,-0.018177975058127172
2022-05-13,VRTX,SELL,-0.02280076278915513
2022-05-16,VRTX,SELL,-0.03384177343908885
2022-05-17,VRTX,SELL,-0.023532171057774928
2022-05-18,VRTX,SELL,0.03162055335968372
2022-05-19,VRTX,SELL,-0.011482874678281439
2022-05-20,VRTX,SELL,-0.007715989244378478
2022-05-23,VRTX,SELL,-0.0319169390501827
2022-05-24,VRTX,SELL,-0.011186019358969634
2022-05-25,VRTX,SELL,-0.004226918798665133
2022-05-26,VRTX,SELL,0.004393738000295369
2022-05-27,VRTX,SELL,-0.009515028581965854
2022-05-31,VRTX,SELL,0.0196328869101923
2022-06-01,VRTX,SELL,0.02150147096211804
2022-06-02,VRTX,SELL,-0.005473229577779535
2022-06-03,VRTX,SELL,-0.0030526394162757545
2022-06-06,VRTX,SELL,0.012673150604185078
2022-06-07,VRTX,SELL,-0.017363969762742258
2022-06-08,VRTX,SELL,-0.008596620132255811
2022-06-09,VRTX,SELL,0.04930995350880414
2022-06-10,VRTX,SELL,0.006354528088573528
2022-06-13,VRTX,SELL,0.02160998365296446
2022-06-14,VRTX,SELL,-0.011163885844192749
2022-06-15,VRTX,SELL,-0.010805422647527829
2022-06-16,VRTX,SELL,-0.009940037828484039
2022-06-17,VRTX,SELL,-0.04787509459513276
2022-06-21,VRTX,SELL,-0.014837352565547248
2022-06-22,VRTX,SELL,-0.02004045549895124
2022-06-23,VRTX,SELL,-0.03090909090909091
2022-06-24,VRTX,SELL,-0.02197303150981632
2022-06-27,VRTX,SELL,0.008591836030502774
2022-06-28,VRTX,SELL,0.04257236956144903
2022-06-29,VRTX,SELL,-0.0163869049777038
2022-06-30,VRTX,SELL,-0.017108825121819198
2022-04-01,BDC,SELL,0.017528170273654033
2022-04-04,BDC,SELL,0.014314187352781286
2022-04-05,BDC,SELL,0.027192008879023285
2022-04-06,BDC,BUY,-0.028768699654775604
2022-04-07,BDC,SELL,0.01225054337087527
2022-04-08,BDC,SELL,0.003219963775407458
2022-04-11,BDC,SELL,0.014834383255435967
2022-04-12,BDC,SELL,0.007981989357347535
2022-04-13,BDC,BUY,0.02611019736842097
2022-04-14,BDC,SELL,0.01703065517932267
2022-04-18,BDC,BUY,0.02159161011721154
2022-04-19,BDC,BUY,0.03137570394207567
2022-04-20,BDC,BUY,0.012202097235462355
2022-04-21,BDC,SELL,0.019527617630649138
2022-04-22,BDC,BUY,-0.024174980813507253
2022-04-25,BDC,SELL,-0.01793456838785961
2022-04-26,BDC,SELL,0.022972707637934454
2022-04-27,BDC,BUY,0.026527331189710616
2022-04-28,BDC,SELL,-0.01498847040737896
2022-04-29,BDC,SELL,0.017133066818960565
2022-05-02,BDC,BUY,0.007407407407407458
2022-05-03,BDC,SELL,-0.012190402476780235
2022-05-04,BDC,HOLD,0.0
2022-05-05,BDC,BUY,-0.014185639229422106
2022-05-06,BDC,SELL,0.005562533644356634
2022-05-09,BDC,SELL,-0.015702026656928963
2022-05-10,BDC,HOLD,0.0
2022-05-11,BDC,SELL,0.03548387096774188
2022-05-12,BDC,SELL,-0.013596572918606891
2022-05-13,BDC,BUY,0.01468988030467904
2022-05-16,BDC,BUY,-0.009159482758620654
2022-05-17,BDC,SELL,-0.01603992158260557
2022-05-18,BDC,BUY,-0.016492285866288346
2022-05-19,BDC,BUY,-0.009832483612527297
2022-05-20,BDC,BUY,-0.013265491550063674
2022-05-23,BDC,BUY,-0.007657247037374689
2022-05-24,BDC,SELL,0.01905995558845302
2022-05-25,BDC,BUY,0.02785620176924519
2022-05-26,BDC,SELL,-0.01771689497716893
2022-05-27,BDC,BUY,0.01914214817440621
2022-05-31,BDC,SELL,-0.010707389854309276
2022-06-01,BDC,SELL,0.020266759050753414
2022-06-02,BDC,BUY,0.028208744710860392
2022-06-03,BDC,SELL,0.0077976087333218305
2022-06-06,BDC,SELL,-0.01203576341127928
2022-06-07,BDC,SELL,-0.022739018087855303
2022-06-08,BDC,SELL,0.006801564359802851
2022-06-09,BDC,SELL,0.005544005544005549
2022-06-10,BDC,BUY,-0.013437057991513526
2022-06-13,BDC,SELL,0.020283975659229105
2022-06-14,BDC,BUY,-0.006002626148940166
2022-06-15,BDC,SELL,-0.008690828402366842
2022-06-16,BDC,BUY,-0.07283763277693468
2022-06-17,BDC,SELL,-0.019207440355843017
2022-06-21,BDC,BUY,-0.03363795450126379
2022-06-22,BDC,SELL,-0.00040040040040032073
2022-06-23,BDC,BUY,-0.006437336552001615
2022-06-24,BDC,BUY,0.04414702357171396
2022-06-27,BDC,SELL,-0.03618109490433801
2022-06-28,BDC,SELL,0.026400862068965497
2022-06-29,BDC,SELL,0.006872213967310634
2022-06-30,BDC,BUY,0.01718541149513091
2022-04-01,OKTA,BUY,-0.016069303002248424
2022-04-04,OKTA,BUY,0.07125208681135217
2022-04-05,OKTA,BUY,-0.026511858934558614
2022-04-06,OKTA,BUY,-0.017284273929553586
2022-04-07,OKTA,BUY,-0.004183818071394862
2022-04-08,OKTA,BUY,-0.023513328776486653
2022-04-11,OKTA,BUY,0.024747224775507316
2022-04-12,OKTA,BUY,-0.03135135135135126
2022-04-13,OKTA,BUY,0.05305578917858139
2022-04-14,OKTA,BUY,-0.04375915811908881
2022-04-18,OKTA,BUY,-0.021912629515541834
2022-04-19,OKTA,BUY,0.06464285714285722
2022-04-20,OKTA,BUY,-0.03215885538543827
2022-04-21,OKTA,BUY,-0.05912265238321241
2022-04-22,OKTA,BUY,-0.006847818168572869
2022-04-25,OKTA,BUY,0.02685858435969732
2022-04-26,OKTA,BUY,-0.05155770074594128
2022-04-27,OKTA,BUY,-0.010127765659083915
2022-04-28,OKTA,BUY,0.01323280504693029
2022-04-29,OKTA,BUY,-0.07719081135431967
2022-05-02,OKTA,BUY,0.046955493623849355
2022-05-03,OKTA,BUY,-0.04175824175824172
2022-05-04,OKTA,BUY,0.023439490445859915
2022-05-05,OKTA,BUY,-0.06713098934295544
2022-05-06,OKTA,BUY,-0.06112536656891497
2022-05-09,OKTA,BUY,-0.09578583061889248
2022-05-10,OKTA,BUY,-0.006832971800433944
2022-05-11,OKTA,BUY,-0.051117851926749926
2022-05-12,OKTA,BUY,0.06834795321637427
2022-05-13,OKTA,BUY,0.07374436751291359
2022-05-16,OKTA,BUY,-0.06418848167539262
2022-05-17,OKTA,BUY,-0.051398828887443015
2022-05-18,OKTA,BUY,-0.06703778277863331
2022-05-19,OKTA,BUY,0.05234474017743974
2022-05-20,OKTA,BUY,-0.026020585174048802
2022-05-23,OKTA,BUY,-0.006188266095442057
2022-05-24,OKTA,BUY,-0.034406758907799706
2022-05-25,OKTA,BUY,0.05278592375366551
2022-05-26,OKTA,BUY,0.01779671638049865
2022-05-27,OKTA,BUY,0.03836872586872595
2022-05-31,OKTA,BUY,-0.026263336850744622
2022-06-01,OKTA,BUY,0.0
2022-06-02,OKTA,BUY,0.11351479852609071
2022-06-03,OKTA,BUY,-0.08075576489847486
2022-06-06,OKTA,BUY,-0.06450024618414571
2022-06-07,OKTA,BUY,0.07120610031145952
2022-06-08,OKTA,BUY,0.032952592742342975
2022-06-09,OKTA,BUY,-0.05833333333333329
2022-06-10,OKTA,BUY,-0.02835579514824793
2022-06-13,OKTA,BUY,-0.04836266169444127
2022-06-14,OKTA,BUY,-0.010926308121889106
2022-06-15,OKTA,BUY,0.02775451609044136
2022-06-16,OKTA,BUY,-0.03609756097560968
2022-06-17,OKTA,BUY,0.032600549587809134
2022-06-21,OKTA,BUY,0.004417910447761248
2022-06-22,OKTA,BUY,0.04279306582616076
2022-06-23,OKTA,BUY,0.0745513115508514
2022-06-24,OKTA,BUY,0.0681434599156119
2022-06-27,OKTA,BUY,-0.035979779958370456
2022-06-28,OKTA,BUY,-0.04957405316637598
2022-06-29,OKTA,BUY,0.01258134490238608
2022-06-30,OKTA,BUY,-0.020797227036395013
2022-04-01,BDN,SELL,0.0007062146892655217
2022-04-04,BDN,SELL,0.01837455830388691
2022-04-05,BDN,HOLD,0.0
2022-04-06,BDN,SELL,0.007593014426727384
2022-04-07,BDN,SELL,0.027501909854850987
2022-04-08,BDN,SELL,-0.004709576138147605
2022-04-11,BDN,BUY,-0.010920436817472743
2022-04-12,BDN,BUY,-0.010212097407698411
2022-04-13,BDN,SELL,-0.012658227848101276
2022-04-14,BDN,SELL,0.007794232268121562
2022-04-18,BDN,BUY,-0.005507474429583027
2022-04-19,BDN,BUY,0.01102362204724414
2022-04-20,BDN,SELL,-0.00155159038013961
2022-04-21,BDN,HOLD,0.0
2022-04-22,BDN,BUY,-0.018633540372670822
2022-04-25,BDN,BUY,0.00399042298483645
2022-04-26,BDN,SELL,0.008038585209003187
2022-04-27,BDN,BUY,-0.01458670988654779
2022-04-28,BDN,BUY,-0.0008130081300814279
2022-04-29,BDN,BUY,-0.04187192118226599
2022-05-02,BDN,BUY,-0.022998296422487186
2022-05-03,BDN,BUY,0.021853146853146856
2022-05-04,BDN,BUY,0.014505119453924908
2022-05-05,BDN,SELL,0.019508057675996494
2022-05-06,BDN,BUY,-0.006097560975609781
2022-05-09,BDN,BUY,-0.01858407079646025
2022-05-10,BDN,BUY,-0.038495971351835245
2022-05-11,BDN,BUY,-0.027803521779425296
2022-05-12,BDN,BUY,0.016113744075829377
2022-05-13,BDN,BUY,0.005576208178438708
2022-05-16,BDN,BUY,-0.005514705882352987
2022-05-17,BDN,BUY,0.029304029304029332
2022-05-18,BDN,BUY,-0.020499108734402888
2022-05-19,BDN,BUY,-0.024747937671860638
2022-05-20,BDN,BUY,-0.001869158878504633
2022-05-23,BDN,BUY,-0.004608294930875478
2022-05-24,BDN,BUY,0.004621072088724486
2022-05-25,BDN,BUY,0.0036697247706421235
2022-05-26,BDN,BUY,-0.009033423667569977
2022-05-27,BDN,BUY,0.019038984587488747
2022-05-31,BDN,BUY,0.0026978417266188075
2022-06-01,BDN,BUY,-0.021371326803205717
2022-06-02,BDN,BUY,0.007292616226071109
2022-06-03,BDN,BUY,-0.010036496350365073
2022-06-06,BDN,BUY,-0.012750455373406244
2022-06-07,BDN,BUY,0.029795158286778426
2022-06-08,BDN,BUY,-0.01279707495429605
2022-06-09,BDN,BUY,-0.02604651162790692
2022-06-10,BDN,BUY,0.0009671179883945635
2022-06-13,BDN,BUY,-0.04558969276511388
2022-06-14,BDN,BUY,-0.010405827263267393
2022-06-15,BDN,BUY,0.013541666666666749
2022-06-16,BDN,BUY,-0.023182297154899962
2022-06-17,BDN,BUY,0.017112299465240656
2022-06-21,BDN,BUY,-0.008324661810613952
2022-06-22,BDN,BUY,0.016008537886873037
2022-06-23,BDN,BUY,0.009523809523809509
2022-06-24,BDN,BUY,0.019709543568464678
2022-06-27,BDN,BUY,-0.002022244691607821
2022-06-28,BDN,BUY,-0.014000000000000058
2022-06-29,BDN,BUY,-0.011122345803842387
2022-06-30,BDN,BUY,0.004166666666666763
